<?xml version='1.0' encoding='UTF-8'?><metaData xmlns="http://dhis2.org/schema/dxf/2.0" created="2015-07-30T05:43:56.815+0000"><documents><document name="UNAIDS Spectrum Data Use Guide" created="2015-07-30T05:38:50.460+0000" lastUpdated="2015-07-30T05:38:50.460+0000" id="oELxwdHbg5B"><externalAccess>false</externalAccess><publicAccess>r-------</publicAccess><user name="admin admin" created="2015-06-11T08:32:27.675+0000" lastUpdated="2015-06-11T08:32:27.675+0000" id="dR2CNVSqQqu"><externalAccess>false</externalAccess></user><url>UNAIDS_DHIS2_Spectrum_Use_V001_EN.docx</url><external>false</external><contentType>application/vnd.openxmlformats-officedocument.wordprocessingml.document</contentType><attachment>true</attachment></document><document name="UNAIDS Spectrum Bootstrap (post initiation)" created="2015-07-30T05:37:57.410+0000" lastUpdated="2015-07-30T05:37:57.410+0000" id="dJWQMAAlEpI"><externalAccess>false</externalAccess><publicAccess>r-------</publicAccess><user name="admin admin" created="2015-06-11T08:32:27.675+0000" lastUpdated="2015-06-11T08:32:27.675+0000" id="dR2CNVSqQqu"><externalAccess>false</externalAccess></user><url>UNAIDS_DHIS2_Spectrum_Bootstrap_A_V001_EN.docx</url><external>false</external><contentType>application/vnd.openxmlformats-officedocument.wordprocessingml.document</contentType><attachment>true</attachment></document><document name="Spectrum Import Preparation (standard)" created="2015-07-30T05:35:50.067+0000" lastUpdated="2015-07-30T05:35:50.067+0000" id="UijpKhgp6wn"><externalAccess>false</externalAccess><publicAccess>r-------</publicAccess><user name="admin admin" created="2015-06-11T08:32:27.675+0000" lastUpdated="2015-06-11T08:32:27.675+0000" id="dR2CNVSqQqu"><externalAccess>false</externalAccess></user><url>UNAIDS_DHIS2_Spectrum_Import_A_V001_EN.docx</url><external>false</external><contentType>application/vnd.openxmlformats-officedocument.wordprocessingml.document</contentType><attachment>true</attachment></document><document name="Spectrum Import Preparation (enhanced)" created="2015-07-30T05:36:42.166+0000" lastUpdated="2015-07-30T05:36:42.166+0000" id="qf0n5ZkbwkM"><externalAccess>false</externalAccess><publicAccess>r-------</publicAccess><user name="admin admin" created="2015-06-11T08:32:27.675+0000" lastUpdated="2015-06-11T08:32:27.675+0000" id="dR2CNVSqQqu"><externalAccess>false</externalAccess></user><url>UNAIDS_DHIS2_Spectrum_Import_B_V001_EN.docx</url><external>false</external><contentType>application/vnd.openxmlformats-officedocument.wordprocessingml.document</contentType><attachment>true</attachment></document></documents></metaData>