<?xml version="1.0" encoding="utf-8"?>
<metaData xmlns="http://dhis2.org/schema/dxf/2.0" created="2016-03-02T05:44:50.666+0000">
	<categories>
		<category name="(Replace): Gender" created="2015-07-28T12:57:53.594+0000" lastUpdated="2016-03-02T04:44:55.340+0000" shortName="(Replace): Gender" id="FdCuYyUfvYO">
			<externalAccess>false</externalAccess>
			<publicAccess>rw------</publicAccess>
			<dataDimensionType>DISAGGREGATION</dataDimensionType>
			<dataDimension>false</dataDimension>
			<categoryOptions>
				<categoryOption name="(Replace): Female" id="g8OSXuTADz3">
					<externalAccess>false</externalAccess>
					<publicAccess>rw------</publicAccess>
				</categoryOption>
				<categoryOption name="(Replace): Male" id="Hp5nRLMiM4O">
					<externalAccess>false</externalAccess>
					<publicAccess>rw------</publicAccess>
				</categoryOption>
			</categoryOptions>
		</category>
	</categories>
	<categoryOptions>
		<categoryOption name="(Replace): Male" created="2015-07-28T12:56:33.133+0000" lastUpdated="2016-03-02T04:44:25.280+0000" shortName="Male" id="Hp5nRLMiM4O">
			<externalAccess>false</externalAccess>
			<publicAccess>rw------</publicAccess>
		</categoryOption>
		<categoryOption name="(Replace): Female" created="2015-07-28T12:56:57.843+0000" lastUpdated="2016-03-02T04:44:14.697+0000" shortName="Female" id="g8OSXuTADz3">
			<externalAccess>false</externalAccess>
			<publicAccess>rw------</publicAccess>
		</categoryOption>
	</categoryOptions>
	<categoryCombos>
		<categoryCombo name="(Replace): Gender CC" created="2015-07-28T12:58:35.164+0000" lastUpdated="2016-03-02T04:45:19.426+0000" id="qvB61otjRbM">
			<externalAccess>false</externalAccess>
			<publicAccess>rw------</publicAccess>
			<dataDimensionType>DISAGGREGATION</dataDimensionType>
			<skipTotal>false</skipTotal>
			<categories>
				<category name="(Replace): Gender" id="FdCuYyUfvYO">
					<externalAccess>false</externalAccess>
					<publicAccess>rw------</publicAccess>
				</category>
			</categories>
		</categoryCombo>
	</categoryCombos>
	<categoryOptionCombos>
		<categoryOptionCombo name="((Replace): Female)" created="2015-07-28T12:58:35.202+0000" lastUpdated="2015-07-28T12:58:35.205+0000" id="LwoUpOaVGnN">
			<externalAccess>false</externalAccess>
			<categoryCombo name="(Replace): Gender CC" id="qvB61otjRbM">
				<externalAccess>false</externalAccess>
				<publicAccess>rw------</publicAccess>
			</categoryCombo>
			<ignoreApproval>false</ignoreApproval>
			<categoryOptions>
				<categoryOption name="(Replace): Female" id="g8OSXuTADz3">
					<externalAccess>false</externalAccess>
					<publicAccess>rw------</publicAccess>
				</categoryOption>
			</categoryOptions>
		</categoryOptionCombo>
		<categoryOptionCombo name="((Replace): Male)" created="2015-07-28T12:58:35.202+0000" lastUpdated="2015-07-28T12:58:35.204+0000" id="OmL59ldRIVV">
			<externalAccess>false</externalAccess>
			<categoryCombo name="(Replace): Gender CC" id="qvB61otjRbM">
				<externalAccess>false</externalAccess>
				<publicAccess>rw------</publicAccess>
			</categoryCombo>
			<ignoreApproval>false</ignoreApproval>
			<categoryOptions>
				<categoryOption name="(Replace): Male" id="Hp5nRLMiM4O">
					<externalAccess>false</externalAccess>
					<publicAccess>rw------</publicAccess>
				</categoryOption>
			</categoryOptions>
		</categoryOptionCombo>
	</categoryOptionCombos>
	<dataElements>
		<dataElement name="(replace): Total HIV-exposed infants testing by 12 months " created="2015-07-28T13:09:47.371+0000" lastUpdated="2016-03-02T04:40:13.167+0000" shortName="(replace): Total HIV-exp. infants tested by 12m" id="naf8VAWkVWG">
			<externalAccess>false</externalAccess>
			<publicAccess>rw------</publicAccess>
			<domainType>AGGREGATE</domainType>
			<type>int</type>
			<valueType>INTEGER_ZERO_OR_POSITIVE</valueType>
			<aggregationType>SUM</aggregationType>
			<categoryCombo name="default">
				<externalAccess>false</externalAccess>
				<publicAccess>--------</publicAccess>
			</categoryCombo>
			<url/>
			<zeroIsSignificant>false</zeroIsSignificant>
		</dataElement>
		<dataElement name="(replace): Number of women receiving antiretrovirals to reduce the risk of MTCT " created="2015-07-28T12:55:48.195+0000" lastUpdated="2016-03-02T04:39:29.388+0000" shortName="No. women rec. ARV to reduce MTCT" id="mWTkLghZ2tN">
			<externalAccess>false</externalAccess>
			<publicAccess>rw------</publicAccess>
			<domainType>AGGREGATE</domainType>
			<type>int</type>
			<valueType>INTEGER_ZERO_OR_POSITIVE</valueType>
			<aggregationType>SUM</aggregationType>
			<categoryCombo name="default">
				<externalAccess>false</externalAccess>
				<publicAccess>--------</publicAccess>
			</categoryCombo>
			<url/>
			<zeroIsSignificant>false</zeroIsSignificant>
		</dataElement>
		<dataElement name="(replace): Number of people (&lt;15) receiving ART" created="2015-07-28T13:05:45.645+0000" lastUpdated="2016-03-02T04:39:18.450+0000" shortName="(replace): No. &lt;15  receiving ART" id="cv0KxqAMpXE">
			<externalAccess>false</externalAccess>
			<publicAccess>rw------</publicAccess>
			<domainType>AGGREGATE</domainType>
			<type>int</type>
			<valueType>INTEGER_ZERO_OR_POSITIVE</valueType>
			<aggregationType>SUM</aggregationType>
			<categoryCombo name="(Replace): Gender CC" id="qvB61otjRbM">
				<externalAccess>false</externalAccess>
				<publicAccess>rw------</publicAccess>
			</categoryCombo>
			<url/>
			<zeroIsSignificant>false</zeroIsSignificant>
		</dataElement>
		<dataElement name="(replace): Number of people (15-49) enrolled in HIV care" created="2015-07-28T13:11:31.873+0000" lastUpdated="2016-03-02T04:38:42.463+0000" shortName="(replace): No. 15-49 enrolled in HIV care" id="Gm1VWFIJoBJ">
			<externalAccess>false</externalAccess>
			<publicAccess>rw------</publicAccess>
			<domainType>AGGREGATE</domainType>
			<type>int</type>
			<valueType>INTEGER_ZERO_OR_POSITIVE</valueType>
			<aggregationType>SUM</aggregationType>
			<categoryCombo name="(Replace): Gender CC" id="qvB61otjRbM">
				<externalAccess>false</externalAccess>
				<publicAccess>rw------</publicAccess>
			</categoryCombo>
			<url/>
			<zeroIsSignificant>false</zeroIsSignificant>
		</dataElement>
		<dataElement name="(replace): Number of people (&lt;15) enrolled in HIV care " created="2015-07-28T13:14:49.618+0000" lastUpdated="2016-03-02T04:38:22.684+0000" shortName="(replace): No. &lt;15 enrolled in HIV care" id="ttaN4MUPCc9">
			<externalAccess>false</externalAccess>
			<publicAccess>rw------</publicAccess>
			<domainType>AGGREGATE</domainType>
			<type>int</type>
			<valueType>INTEGER_ZERO_OR_POSITIVE</valueType>
			<aggregationType>SUM</aggregationType>
			<categoryCombo name="(Replace): Gender CC" id="qvB61otjRbM">
				<externalAccess>false</externalAccess>
				<publicAccess>rw------</publicAccess>
			</categoryCombo>
			<url/>
			<zeroIsSignificant>false</zeroIsSignificant>
		</dataElement>
		<dataElement name="(replace): Number of people (15+) enrolled in HIV care " created="2015-07-28T13:10:59.116+0000" lastUpdated="2016-03-02T04:38:03.588+0000" shortName="(replace): No. 15+ enrolled in HIV care" id="ipxptzJkZKJ">
			<externalAccess>false</externalAccess>
			<publicAccess>rw------</publicAccess>
			<domainType>AGGREGATE</domainType>
			<type>int</type>
			<valueType>INTEGER_ZERO_OR_POSITIVE</valueType>
			<aggregationType>SUM</aggregationType>
			<categoryCombo name="(Replace): Gender CC" id="qvB61otjRbM">
				<externalAccess>false</externalAccess>
				<publicAccess>rw------</publicAccess>
			</categoryCombo>
			<url/>
			<zeroIsSignificant>false</zeroIsSignificant>
		</dataElement>
		<dataElement name="HIV Den: Estimated number of people (&lt;15) living with HIV" created="2015-06-25T03:32:58.609+0000" lastUpdated="2016-03-02T04:37:35.845+0000" shortName="HIV Den: Est. (&lt;15) living with HIV" id="F4KpUnnx0S5">
			<externalAccess>false</externalAccess>
			<publicAccess>rw------</publicAccess>
			<domainType>AGGREGATE</domainType>
			<type>int</type>
			<valueType>INTEGER_ZERO_OR_POSITIVE</valueType>
			<aggregationType>SUM</aggregationType>
			<categoryCombo name="(Replace): Gender CC" id="qvB61otjRbM">
				<externalAccess>false</externalAccess>
				<publicAccess>rw------</publicAccess>
			</categoryCombo>
			<url/>
			<zeroIsSignificant>false</zeroIsSignificant>
		</dataElement>
		<dataElement name="HIV Den: Estimated number of people (&lt;15) eligible for ART according to national guidelines" created="2015-06-25T03:28:16.864+0000" lastUpdated="2016-03-02T04:37:22.780+0000" shortName="HIV Den: Est. (&lt;15)  eligible ART (guidelines) " id="khe0fQWys0p">
			<externalAccess>false</externalAccess>
			<publicAccess>rw------</publicAccess>
			<domainType>AGGREGATE</domainType>
			<type>int</type>
			<valueType>INTEGER_ZERO_OR_POSITIVE</valueType>
			<aggregationType>SUM</aggregationType>
			<categoryCombo name="(Replace): Gender CC" id="qvB61otjRbM">
				<externalAccess>false</externalAccess>
				<publicAccess>rw------</publicAccess>
			</categoryCombo>
			<url/>
			<zeroIsSignificant>false</zeroIsSignificant>
		</dataElement>
		<dataElement name="HIV Den: Estimated number of people (15-49) living with HIV" created="2015-06-25T03:32:19.567+0000" lastUpdated="2016-03-02T04:36:25.301+0000" shortName="HIV Den: Est. (15-49) living with HIV" id="rhXstKVfvvj">
			<externalAccess>false</externalAccess>
			<publicAccess>rw------</publicAccess>
			<domainType>AGGREGATE</domainType>
			<type>int</type>
			<valueType>INTEGER_ZERO_OR_POSITIVE</valueType>
			<aggregationType>SUM</aggregationType>
			<categoryCombo name="(Replace): Gender CC" id="qvB61otjRbM">
				<externalAccess>false</externalAccess>
				<publicAccess>rw------</publicAccess>
			</categoryCombo>
			<url/>
			<zeroIsSignificant>false</zeroIsSignificant>
		</dataElement>
		<dataElement name="HIV Den: Estimated number of people (15+) living with HIV" created="2015-06-25T03:27:01.272+0000" lastUpdated="2016-03-02T04:35:57.136+0000" shortName="HIV Den: Est. (15+) living with HIV" id="xAihkVcBj4F">
			<externalAccess>false</externalAccess>
			<publicAccess>rw------</publicAccess>
			<domainType>AGGREGATE</domainType>
			<type>int</type>
			<valueType>INTEGER_ZERO_OR_POSITIVE</valueType>
			<aggregationType>SUM</aggregationType>
			<categoryCombo name="(Replace): Gender CC" id="qvB61otjRbM">
				<externalAccess>false</externalAccess>
				<publicAccess>rw------</publicAccess>
			</categoryCombo>
			<url/>
			<zeroIsSignificant>false</zeroIsSignificant>
		</dataElement>
		<dataElement name="HIV Den: Estimated number of people (15+) eligible for ART according to national guidelines" created="2015-06-25T03:34:13.236+0000" lastUpdated="2016-03-02T04:35:34.378+0000" shortName="HIV Den: Est. (15+) eligible for ART (guidelines) " id="LEdbdocVhvx">
			<externalAccess>false</externalAccess>
			<publicAccess>rw------</publicAccess>
			<domainType>AGGREGATE</domainType>
			<type>int</type>
			<valueType>INTEGER_ZERO_OR_POSITIVE</valueType>
			<aggregationType>SUM</aggregationType>
			<categoryCombo name="(Replace): Gender CC" id="qvB61otjRbM">
				<externalAccess>false</externalAccess>
				<publicAccess>rw------</publicAccess>
			</categoryCombo>
			<url/>
			<zeroIsSignificant>false</zeroIsSignificant>
		</dataElement>
		<dataElement name="HIV Den: Estimated number of HIV+ pregnant women" created="2015-06-25T03:36:49.628+0000" lastUpdated="2016-03-02T04:35:19.960+0000" shortName="HIV Den: Est. HIV+ pregnant women" id="PjLBZcVwRnr">
			<externalAccess>false</externalAccess>
			<publicAccess>rw------</publicAccess>
			<domainType>AGGREGATE</domainType>
			<type>int</type>
			<valueType>INTEGER_ZERO_OR_POSITIVE</valueType>
			<aggregationType>SUM</aggregationType>
			<categoryCombo name="default">
				<externalAccess>false</externalAccess>
				<publicAccess>--------</publicAccess>
			</categoryCombo>
			<url/>
			<zeroIsSignificant>false</zeroIsSignificant>
		</dataElement>
		<dataElement name="(replace): Number of people (15+) receiving ART" created="2015-07-28T13:15:13.743+0000" lastUpdated="2016-03-02T04:38:55.104+0000" shortName="(replace): No. 15+  receiving ART" id="ZAGAMhSKqUx">
			<externalAccess>false</externalAccess>
			<publicAccess>rw------</publicAccess>
			<domainType>AGGREGATE</domainType>
			<type>int</type>
			<valueType>INTEGER_ZERO_OR_POSITIVE</valueType>
			<aggregationType>SUM</aggregationType>
			<categoryCombo name="(Replace): Gender CC" id="qvB61otjRbM">
				<externalAccess>false</externalAccess>
				<publicAccess>rw------</publicAccess>
			</categoryCombo>
			<url/>
			<zeroIsSignificant>false</zeroIsSignificant>
		</dataElement>
	</dataElements>
</metaData>
