<?xml version="1.0" encoding="utf-8"?>
<metaData xmlns="http://dhis2.org/schema/dxf/2.0" created="2015-07-28T13:32:29.618+0000">
	<users>
		<user name="admin admin" created="2015-06-11T08:32:27.675+0000" lastUpdated="2015-06-11T08:32:27.675+0000" id="dR2CNVSqQqu">
			<externalAccess>false</externalAccess>
			<surname>admin</surname>
			<firstName>admin</firstName>
			<userCredentials code="admin" name="admin admin" created="2015-06-11T08:32:27.915+0000" lastUpdated="2015-07-28T13:32:29.621+0000" id="IU4RjJSNq6Z">
				<externalAccess>false</externalAccess>
				<username>admin</username>
				<passwordLastUpdated>2015-06-11T08:32:27.923+0000</passwordLastUpdated>
				<lastLogin>2015-07-28T12:45:08.493+0000</lastLogin>
				<selfRegistered>false</selfRegistered>
				<invitation>false</invitation>
				<disabled>false</disabled>
				<userRoles>
					<userRole name="Superuser" created="2015-06-11T08:32:27.876+0000" lastUpdated="2015-06-11T08:32:27.877+0000" id="K60ebaSQ6kH">
						<externalAccess>false</externalAccess>
						<publicAccess>--------</publicAccess>
					</userRole>
				</userRoles>
			</userCredentials>
		</user>
	</users>
	<categories>
		<category name="UNAIDS (Replace): Gender" created="2015-07-28T12:57:53.594+0000" lastUpdated="2015-07-28T12:57:53.788+0000" shortName="UNAIDS (Replace): Gender" id="FdCuYyUfvYO">
			<externalAccess>false</externalAccess>
			<publicAccess>rw------</publicAccess>
			<user name="admin admin" created="2015-06-11T08:32:27.675+0000" lastUpdated="2015-06-11T08:32:27.675+0000" id="dR2CNVSqQqu">
				<externalAccess>false</externalAccess>
			</user>
			<dataDimensionType>DISAGGREGATION</dataDimensionType>
			<dataDimension>false</dataDimension>
			<categoryOptions>
				<categoryOption name="UNAIDS (Replace): Female" created="2015-07-28T12:56:57.843+0000" lastUpdated="2015-07-28T12:56:57.843+0000" id="g8OSXuTADz3">
					<externalAccess>false</externalAccess>
					<publicAccess>rw------</publicAccess>
					<user name="admin admin" created="2015-06-11T08:32:27.675+0000" lastUpdated="2015-06-11T08:32:27.675+0000" id="dR2CNVSqQqu">
						<externalAccess>false</externalAccess>
					</user>
				</categoryOption>
				<categoryOption name="UNAIDS (Replace): Male" created="2015-07-28T12:56:33.133+0000" lastUpdated="2015-07-28T12:56:33.134+0000" id="Hp5nRLMiM4O">
					<externalAccess>false</externalAccess>
					<publicAccess>rw------</publicAccess>
					<user name="admin admin" created="2015-06-11T08:32:27.675+0000" lastUpdated="2015-06-11T08:32:27.675+0000" id="dR2CNVSqQqu">
						<externalAccess>false</externalAccess>
					</user>
				</categoryOption>
			</categoryOptions>
		</category>
		<category name="default" created="2015-06-11T07:34:56.858+0000" lastUpdated="2015-06-11T08:24:51.804+0000" shortName="default" id="yWEyFapkEpJ">
			<externalAccess>false</externalAccess>
			<publicAccess>--------</publicAccess>
			<dataDimensionType>DISAGGREGATION</dataDimensionType>
			<dataDimension>false</dataDimension>
			<categoryOptions>
				<categoryOption name="default" created="2015-06-11T07:34:56.771+0000" lastUpdated="2015-06-11T07:34:56.896+0000" id="W4uxQIsjVUi">
					<externalAccess>false</externalAccess>
					<publicAccess>--------</publicAccess>
				</categoryOption>
			</categoryOptions>
		</category>
	</categories>
	<categoryOptions>
		<categoryOption name="default" created="2015-06-11T07:34:56.771+0000" lastUpdated="2015-06-11T07:34:56.896+0000" shortName="default" id="W4uxQIsjVUi">
			<externalAccess>false</externalAccess>
			<publicAccess>--------</publicAccess>
		</categoryOption>
		<categoryOption name="UNAIDS (Replace): Female" created="2015-07-28T12:56:57.843+0000" lastUpdated="2015-07-28T12:56:57.843+0000" shortName="Female" id="g8OSXuTADz3">
			<externalAccess>false</externalAccess>
			<publicAccess>rw------</publicAccess>
			<user name="admin admin" created="2015-06-11T08:32:27.675+0000" lastUpdated="2015-06-11T08:32:27.675+0000" id="dR2CNVSqQqu">
				<externalAccess>false</externalAccess>
			</user>
		</categoryOption>
		<categoryOption name="UNAIDS (Replace): Male" created="2015-07-28T12:56:33.133+0000" lastUpdated="2015-07-28T12:56:33.134+0000" shortName="Male" id="Hp5nRLMiM4O">
			<externalAccess>false</externalAccess>
			<publicAccess>rw------</publicAccess>
			<user name="admin admin" created="2015-06-11T08:32:27.675+0000" lastUpdated="2015-06-11T08:32:27.675+0000" id="dR2CNVSqQqu">
				<externalAccess>false</externalAccess>
			</user>
		</categoryOption>
	</categoryOptions>
	<categoryCombos>
		<categoryCombo name="default" created="2015-06-11T07:34:56.877+0000" lastUpdated="2015-06-11T07:34:56.896+0000" id="HwwdvOwCeb4">
			<externalAccess>false</externalAccess>
			<publicAccess>--------</publicAccess>
			<dimensionType>DISAGGREGATION</dimensionType>
			<skipTotal>false</skipTotal>
			<categories>
				<category name="default" created="2015-06-11T07:34:56.858+0000" lastUpdated="2015-06-11T08:24:51.804+0000" id="yWEyFapkEpJ">
					<externalAccess>false</externalAccess>
					<publicAccess>--------</publicAccess>
				</category>
			</categories>
		</categoryCombo>
		<categoryCombo name="UNAIDS (Replace): Gender CC" created="2015-07-28T12:58:35.164+0000" lastUpdated="2015-07-28T12:58:35.206+0000" id="qvB61otjRbM">
			<externalAccess>false</externalAccess>
			<publicAccess>rw------</publicAccess>
			<user name="admin admin" created="2015-06-11T08:32:27.675+0000" lastUpdated="2015-06-11T08:32:27.675+0000" id="dR2CNVSqQqu">
				<externalAccess>false</externalAccess>
			</user>
			<dimensionType>DISAGGREGATION</dimensionType>
			<skipTotal>false</skipTotal>
			<categories>
				<category name="UNAIDS (Replace): Gender" created="2015-07-28T12:57:53.594+0000" lastUpdated="2015-07-28T12:57:53.788+0000" id="FdCuYyUfvYO">
					<externalAccess>false</externalAccess>
					<publicAccess>rw------</publicAccess>
					<user name="admin admin" created="2015-06-11T08:32:27.675+0000" lastUpdated="2015-06-11T08:32:27.675+0000" id="dR2CNVSqQqu">
						<externalAccess>false</externalAccess>
					</user>
				</category>
			</categories>
		</categoryCombo>
	</categoryCombos>
	<categoryOptionCombos>
		<categoryOptionCombo name="(UNAIDS (Replace): Female)" created="2015-07-28T12:58:35.202+0000" lastUpdated="2015-07-28T12:58:35.205+0000" id="LwoUpOaVGnN">
			<externalAccess>false</externalAccess>
			<categoryCombo name="UNAIDS (Replace): Gender CC" created="2015-07-28T12:58:35.164+0000" lastUpdated="2015-07-28T12:58:35.206+0000" id="qvB61otjRbM">
				<externalAccess>false</externalAccess>
				<publicAccess>rw------</publicAccess>
				<user name="admin admin" created="2015-06-11T08:32:27.675+0000" lastUpdated="2015-06-11T08:32:27.675+0000" id="dR2CNVSqQqu">
					<externalAccess>false</externalAccess>
				</user>
			</categoryCombo>
			<ignoreApproval>false</ignoreApproval>
			<categoryOptions>
				<categoryOption name="UNAIDS (Replace): Female" created="2015-07-28T12:56:57.843+0000" lastUpdated="2015-07-28T12:56:57.843+0000" id="g8OSXuTADz3">
					<externalAccess>false</externalAccess>
					<publicAccess>rw------</publicAccess>
					<user name="admin admin" created="2015-06-11T08:32:27.675+0000" lastUpdated="2015-06-11T08:32:27.675+0000" id="dR2CNVSqQqu">
						<externalAccess>false</externalAccess>
					</user>
				</categoryOption>
			</categoryOptions>
		</categoryOptionCombo>
		<categoryOptionCombo name="(UNAIDS (Replace): Male)" created="2015-07-28T12:58:35.202+0000" lastUpdated="2015-07-28T12:58:35.204+0000" id="OmL59ldRIVV">
			<externalAccess>false</externalAccess>
			<categoryCombo name="UNAIDS (Replace): Gender CC" created="2015-07-28T12:58:35.164+0000" lastUpdated="2015-07-28T12:58:35.206+0000" id="qvB61otjRbM">
				<externalAccess>false</externalAccess>
				<publicAccess>rw------</publicAccess>
				<user name="admin admin" created="2015-06-11T08:32:27.675+0000" lastUpdated="2015-06-11T08:32:27.675+0000" id="dR2CNVSqQqu">
					<externalAccess>false</externalAccess>
				</user>
			</categoryCombo>
			<ignoreApproval>false</ignoreApproval>
			<categoryOptions>
				<categoryOption name="UNAIDS (Replace): Male" created="2015-07-28T12:56:33.133+0000" lastUpdated="2015-07-28T12:56:33.134+0000" id="Hp5nRLMiM4O">
					<externalAccess>false</externalAccess>
					<publicAccess>rw------</publicAccess>
					<user name="admin admin" created="2015-06-11T08:32:27.675+0000" lastUpdated="2015-06-11T08:32:27.675+0000" id="dR2CNVSqQqu">
						<externalAccess>false</externalAccess>
					</user>
				</categoryOption>
			</categoryOptions>
		</categoryOptionCombo>
		<categoryOptionCombo name="(default)" created="2015-06-11T07:34:56.885+0000" lastUpdated="2015-06-11T07:34:56.885+0000" id="fRQk2H3QbhW">
			<externalAccess>false</externalAccess>
			<categoryCombo name="default" created="2015-06-11T07:34:56.877+0000" lastUpdated="2015-06-11T07:34:56.896+0000" id="HwwdvOwCeb4">
				<externalAccess>false</externalAccess>
				<publicAccess>--------</publicAccess>
			</categoryCombo>
			<ignoreApproval>false</ignoreApproval>
			<categoryOptions>
				<categoryOption name="default" created="2015-06-11T07:34:56.771+0000" lastUpdated="2015-06-11T07:34:56.896+0000" id="W4uxQIsjVUi">
					<externalAccess>false</externalAccess>
					<publicAccess>--------</publicAccess>
				</categoryOption>
			</categoryOptions>
		</categoryOptionCombo>
	</categoryOptionCombos>
	<dataElements>
		<dataElement name="UNAIDS: Estimated number of people (15+) eligible for ART according to national guidelines" created="2015-06-25T03:34:13.236+0000" lastUpdated="2015-07-28T12:59:14.974+0000" shortName="UNAIDS: Est. (15+) eligible for ART (guidelines) " id="LEdbdocVhvx">
			<externalAccess>false</externalAccess>
			<publicAccess>rw------</publicAccess>
			<user name="admin admin" created="2015-06-11T08:32:27.675+0000" lastUpdated="2015-06-11T08:32:27.675+0000" id="dR2CNVSqQqu">
				<externalAccess>false</externalAccess>
			</user>
			<domainType>AGGREGATE</domainType>
			<type>int</type>
			<numberType>number</numberType>
			<aggregationOperator>sum</aggregationOperator>
			<categoryCombo name="UNAIDS (Replace): Gender CC" created="2015-07-28T12:58:35.164+0000" lastUpdated="2015-07-28T12:58:35.206+0000" id="qvB61otjRbM">
				<externalAccess>false</externalAccess>
				<publicAccess>rw------</publicAccess>
				<user name="admin admin" created="2015-06-11T08:32:27.675+0000" lastUpdated="2015-06-11T08:32:27.675+0000" id="dR2CNVSqQqu">
					<externalAccess>false</externalAccess>
				</user>
			</categoryCombo>
			<url/>
			<zeroIsSignificant>false</zeroIsSignificant>
		</dataElement>
		<dataElement name="UNAIDS (replace): Number of people (15-49) receiving ART" created="2015-07-28T13:07:08.242+0000" lastUpdated="2015-07-28T13:07:45.587+0000" shortName="UNAIDS (replace): No. 15-49  receiving ART" id="aSjZWNGGuS1">
			<externalAccess>false</externalAccess>
			<publicAccess>rw------</publicAccess>
			<user name="admin admin" created="2015-06-11T08:32:27.675+0000" lastUpdated="2015-06-11T08:32:27.675+0000" id="dR2CNVSqQqu">
				<externalAccess>false</externalAccess>
			</user>
			<domainType>AGGREGATE</domainType>
			<type>int</type>
			<numberType>number</numberType>
			<aggregationOperator>sum</aggregationOperator>
			<categoryCombo name="UNAIDS (Replace): Gender CC" created="2015-07-28T12:58:35.164+0000" lastUpdated="2015-07-28T12:58:35.206+0000" id="qvB61otjRbM">
				<externalAccess>false</externalAccess>
				<publicAccess>rw------</publicAccess>
				<user name="admin admin" created="2015-06-11T08:32:27.675+0000" lastUpdated="2015-06-11T08:32:27.675+0000" id="dR2CNVSqQqu">
					<externalAccess>false</externalAccess>
				</user>
			</categoryCombo>
			<url/>
			<zeroIsSignificant>false</zeroIsSignificant>
		</dataElement>
		<dataElement name="UNAIDS: Estimated number of HIV+ pregnant women" created="2015-06-25T03:36:49.628+0000" lastUpdated="2015-07-28T12:59:37.038+0000" shortName="UNAIDS: Est. HIV+ pregnant women" id="PjLBZcVwRnr">
			<externalAccess>false</externalAccess>
			<publicAccess>rw------</publicAccess>
			<user name="admin admin" created="2015-06-11T08:32:27.675+0000" lastUpdated="2015-06-11T08:32:27.675+0000" id="dR2CNVSqQqu">
				<externalAccess>false</externalAccess>
			</user>
			<domainType>AGGREGATE</domainType>
			<type>int</type>
			<numberType>number</numberType>
			<aggregationOperator>sum</aggregationOperator>
			<categoryCombo name="default" created="2015-06-11T07:34:56.877+0000" lastUpdated="2015-06-11T07:34:56.896+0000" id="HwwdvOwCeb4">
				<externalAccess>false</externalAccess>
				<publicAccess>--------</publicAccess>
			</categoryCombo>
			<url/>
			<zeroIsSignificant>false</zeroIsSignificant>
		</dataElement>
		<dataElement name="UNAIDS (replace): Number of women receiving antiretrovirals to reduce the risk of MTCT " created="2015-07-28T12:55:48.195+0000" lastUpdated="2015-07-28T13:05:59.665+0000" shortName="No. women rec. ARV to reduce MTCT" id="mWTkLghZ2tN">
			<externalAccess>false</externalAccess>
			<publicAccess>rw------</publicAccess>
			<user name="admin admin" created="2015-06-11T08:32:27.675+0000" lastUpdated="2015-06-11T08:32:27.675+0000" id="dR2CNVSqQqu">
				<externalAccess>false</externalAccess>
			</user>
			<domainType>AGGREGATE</domainType>
			<type>int</type>
			<numberType>number</numberType>
			<aggregationOperator>sum</aggregationOperator>
			<categoryCombo name="default" created="2015-06-11T07:34:56.877+0000" lastUpdated="2015-06-11T07:34:56.896+0000" id="HwwdvOwCeb4">
				<externalAccess>false</externalAccess>
				<publicAccess>--------</publicAccess>
			</categoryCombo>
			<url/>
			<zeroIsSignificant>false</zeroIsSignificant>
		</dataElement>
		<dataElement name="UNAIDS (replace): Number of people (15+) enrolled in HIV care " created="2015-07-28T13:10:59.116+0000" lastUpdated="2015-07-28T13:14:15.639+0000" shortName="UNAIDS (replace): No. 15+ enrolled in HIV care" id="ipxptzJkZKJ">
			<externalAccess>false</externalAccess>
			<publicAccess>rw------</publicAccess>
			<user name="admin admin" created="2015-06-11T08:32:27.675+0000" lastUpdated="2015-06-11T08:32:27.675+0000" id="dR2CNVSqQqu">
				<externalAccess>false</externalAccess>
			</user>
			<domainType>AGGREGATE</domainType>
			<type>int</type>
			<numberType>number</numberType>
			<aggregationOperator>sum</aggregationOperator>
			<categoryCombo name="UNAIDS (Replace): Gender CC" created="2015-07-28T12:58:35.164+0000" lastUpdated="2015-07-28T12:58:35.206+0000" id="qvB61otjRbM">
				<externalAccess>false</externalAccess>
				<publicAccess>rw------</publicAccess>
				<user name="admin admin" created="2015-06-11T08:32:27.675+0000" lastUpdated="2015-06-11T08:32:27.675+0000" id="dR2CNVSqQqu">
					<externalAccess>false</externalAccess>
				</user>
			</categoryCombo>
			<url/>
			<zeroIsSignificant>false</zeroIsSignificant>
		</dataElement>
		<dataElement name="UNAIDS (replace): Number of people (15+) receiving ART" created="2015-07-28T13:15:13.743+0000" lastUpdated="2015-07-28T13:15:13.760+0000" shortName="UNAIDS (replace): No. 15+  receiving ART" id="ZAGAMhSKqUx">
			<externalAccess>false</externalAccess>
			<publicAccess>rw------</publicAccess>
			<user name="admin admin" created="2015-06-11T08:32:27.675+0000" lastUpdated="2015-06-11T08:32:27.675+0000" id="dR2CNVSqQqu">
				<externalAccess>false</externalAccess>
			</user>
			<domainType>AGGREGATE</domainType>
			<type>int</type>
			<numberType>number</numberType>
			<aggregationOperator>sum</aggregationOperator>
			<categoryCombo name="UNAIDS (Replace): Gender CC" created="2015-07-28T12:58:35.164+0000" lastUpdated="2015-07-28T12:58:35.206+0000" id="qvB61otjRbM">
				<externalAccess>false</externalAccess>
				<publicAccess>rw------</publicAccess>
				<user name="admin admin" created="2015-06-11T08:32:27.675+0000" lastUpdated="2015-06-11T08:32:27.675+0000" id="dR2CNVSqQqu">
					<externalAccess>false</externalAccess>
				</user>
			</categoryCombo>
			<url/>
			<zeroIsSignificant>false</zeroIsSignificant>
		</dataElement>
		<dataElement name="UNAIDS: Estimated number of people (&lt;15) eligible for ART according to national guidelines" created="2015-06-25T03:28:16.864+0000" lastUpdated="2015-07-28T13:00:41.365+0000" shortName="UNAIDS: Est. (&lt;15)  eligible for ART (guidelines) " id="khe0fQWys0p">
			<externalAccess>false</externalAccess>
			<publicAccess>rw------</publicAccess>
			<user name="admin admin" created="2015-06-11T08:32:27.675+0000" lastUpdated="2015-06-11T08:32:27.675+0000" id="dR2CNVSqQqu">
				<externalAccess>false</externalAccess>
			</user>
			<domainType>AGGREGATE</domainType>
			<type>int</type>
			<numberType>number</numberType>
			<aggregationOperator>sum</aggregationOperator>
			<categoryCombo name="UNAIDS (Replace): Gender CC" created="2015-07-28T12:58:35.164+0000" lastUpdated="2015-07-28T12:58:35.206+0000" id="qvB61otjRbM">
				<externalAccess>false</externalAccess>
				<publicAccess>rw------</publicAccess>
				<user name="admin admin" created="2015-06-11T08:32:27.675+0000" lastUpdated="2015-06-11T08:32:27.675+0000" id="dR2CNVSqQqu">
					<externalAccess>false</externalAccess>
				</user>
			</categoryCombo>
			<url/>
			<zeroIsSignificant>false</zeroIsSignificant>
		</dataElement>
		<dataElement name="UNAIDS (replace): Total HIV-exposed infants testing by 12 months " created="2015-07-28T13:09:47.371+0000" lastUpdated="2015-07-28T13:09:47.386+0000" shortName="UNAIDS: Total HIV-exp. infants tested by 12m" id="naf8VAWkVWG">
			<externalAccess>false</externalAccess>
			<publicAccess>rw------</publicAccess>
			<user name="admin admin" created="2015-06-11T08:32:27.675+0000" lastUpdated="2015-06-11T08:32:27.675+0000" id="dR2CNVSqQqu">
				<externalAccess>false</externalAccess>
			</user>
			<domainType>AGGREGATE</domainType>
			<type>int</type>
			<numberType>number</numberType>
			<aggregationOperator>sum</aggregationOperator>
			<categoryCombo name="default" created="2015-06-11T07:34:56.877+0000" lastUpdated="2015-06-11T07:34:56.896+0000" id="HwwdvOwCeb4">
				<externalAccess>false</externalAccess>
				<publicAccess>--------</publicAccess>
			</categoryCombo>
			<url/>
			<zeroIsSignificant>false</zeroIsSignificant>
		</dataElement>
		<dataElement name="UNAIDS (replace): Number of people (15-49) enrolled in HIV care" created="2015-07-28T13:11:31.873+0000" lastUpdated="2015-07-28T13:11:31.886+0000" shortName="UNAIDS (replace): No. 15-49 enrolled in HIV care" id="Gm1VWFIJoBJ">
			<externalAccess>false</externalAccess>
			<publicAccess>rw------</publicAccess>
			<user name="admin admin" created="2015-06-11T08:32:27.675+0000" lastUpdated="2015-06-11T08:32:27.675+0000" id="dR2CNVSqQqu">
				<externalAccess>false</externalAccess>
			</user>
			<domainType>AGGREGATE</domainType>
			<type>int</type>
			<numberType>number</numberType>
			<aggregationOperator>sum</aggregationOperator>
			<categoryCombo name="UNAIDS (Replace): Gender CC" created="2015-07-28T12:58:35.164+0000" lastUpdated="2015-07-28T12:58:35.206+0000" id="qvB61otjRbM">
				<externalAccess>false</externalAccess>
				<publicAccess>rw------</publicAccess>
				<user name="admin admin" created="2015-06-11T08:32:27.675+0000" lastUpdated="2015-06-11T08:32:27.675+0000" id="dR2CNVSqQqu">
					<externalAccess>false</externalAccess>
				</user>
			</categoryCombo>
			<url/>
			<zeroIsSignificant>false</zeroIsSignificant>
		</dataElement>
		<dataElement name="UNAIDS: Estimated number of people (15-49) living with HIV" created="2015-06-25T03:32:19.567+0000" lastUpdated="2015-07-28T13:00:16.261+0000" shortName="UNAIDS: Est. (15-49) living with HIV" id="rhXstKVfvvj">
			<externalAccess>false</externalAccess>
			<publicAccess>rw------</publicAccess>
			<user name="admin admin" created="2015-06-11T08:32:27.675+0000" lastUpdated="2015-06-11T08:32:27.675+0000" id="dR2CNVSqQqu">
				<externalAccess>false</externalAccess>
			</user>
			<domainType>AGGREGATE</domainType>
			<type>int</type>
			<numberType>number</numberType>
			<aggregationOperator>sum</aggregationOperator>
			<categoryCombo name="UNAIDS (Replace): Gender CC" created="2015-07-28T12:58:35.164+0000" lastUpdated="2015-07-28T12:58:35.206+0000" id="qvB61otjRbM">
				<externalAccess>false</externalAccess>
				<publicAccess>rw------</publicAccess>
				<user name="admin admin" created="2015-06-11T08:32:27.675+0000" lastUpdated="2015-06-11T08:32:27.675+0000" id="dR2CNVSqQqu">
					<externalAccess>false</externalAccess>
				</user>
			</categoryCombo>
			<url/>
			<zeroIsSignificant>false</zeroIsSignificant>
		</dataElement>
		<dataElement name="UNAIDS (replace): Number of people (&lt;15) enrolled in HIV care " created="2015-07-28T13:14:49.618+0000" lastUpdated="2015-07-28T13:14:49.636+0000" shortName="UNAIDS (replace): No. &lt;15 enrolled in HIV care" id="ttaN4MUPCc9">
			<externalAccess>false</externalAccess>
			<publicAccess>rw------</publicAccess>
			<user name="admin admin" created="2015-06-11T08:32:27.675+0000" lastUpdated="2015-06-11T08:32:27.675+0000" id="dR2CNVSqQqu">
				<externalAccess>false</externalAccess>
			</user>
			<domainType>AGGREGATE</domainType>
			<type>int</type>
			<numberType>number</numberType>
			<aggregationOperator>sum</aggregationOperator>
			<categoryCombo name="UNAIDS (Replace): Gender CC" created="2015-07-28T12:58:35.164+0000" lastUpdated="2015-07-28T12:58:35.206+0000" id="qvB61otjRbM">
				<externalAccess>false</externalAccess>
				<publicAccess>rw------</publicAccess>
				<user name="admin admin" created="2015-06-11T08:32:27.675+0000" lastUpdated="2015-06-11T08:32:27.675+0000" id="dR2CNVSqQqu">
					<externalAccess>false</externalAccess>
				</user>
			</categoryCombo>
			<url/>
			<zeroIsSignificant>false</zeroIsSignificant>
		</dataElement>
		<dataElement name="UNAIDS: Estimated number of people (15-49) eligible for ART according to national guidelines" created="2015-06-25T03:35:24.007+0000" lastUpdated="2015-07-28T12:59:55.255+0000" shortName="UNAIDS: Est. (15-49) eligible ART (guidelines) " id="L09aPqJyfww">
			<externalAccess>false</externalAccess>
			<publicAccess>rw------</publicAccess>
			<user name="admin admin" created="2015-06-11T08:32:27.675+0000" lastUpdated="2015-06-11T08:32:27.675+0000" id="dR2CNVSqQqu">
				<externalAccess>false</externalAccess>
			</user>
			<domainType>AGGREGATE</domainType>
			<type>int</type>
			<numberType>number</numberType>
			<aggregationOperator>sum</aggregationOperator>
			<categoryCombo name="UNAIDS (Replace): Gender CC" created="2015-07-28T12:58:35.164+0000" lastUpdated="2015-07-28T12:58:35.206+0000" id="qvB61otjRbM">
				<externalAccess>false</externalAccess>
				<publicAccess>rw------</publicAccess>
				<user name="admin admin" created="2015-06-11T08:32:27.675+0000" lastUpdated="2015-06-11T08:32:27.675+0000" id="dR2CNVSqQqu">
					<externalAccess>false</externalAccess>
				</user>
			</categoryCombo>
			<url/>
			<zeroIsSignificant>false</zeroIsSignificant>
		</dataElement>
		<dataElement name="UNAIDS (replace): Number of people (&lt;15) receiving ART" created="2015-07-28T13:05:45.645+0000" lastUpdated="2015-07-28T13:06:47.535+0000" shortName="UNAIDS (replace): No. &lt;15  receiving ART" id="cv0KxqAMpXE">
			<externalAccess>false</externalAccess>
			<publicAccess>rw------</publicAccess>
			<user name="admin admin" created="2015-06-11T08:32:27.675+0000" lastUpdated="2015-06-11T08:32:27.675+0000" id="dR2CNVSqQqu">
				<externalAccess>false</externalAccess>
			</user>
			<domainType>AGGREGATE</domainType>
			<type>int</type>
			<numberType>number</numberType>
			<aggregationOperator>sum</aggregationOperator>
			<categoryCombo name="UNAIDS (Replace): Gender CC" created="2015-07-28T12:58:35.164+0000" lastUpdated="2015-07-28T12:58:35.206+0000" id="qvB61otjRbM">
				<externalAccess>false</externalAccess>
				<publicAccess>rw------</publicAccess>
				<user name="admin admin" created="2015-06-11T08:32:27.675+0000" lastUpdated="2015-06-11T08:32:27.675+0000" id="dR2CNVSqQqu">
					<externalAccess>false</externalAccess>
				</user>
			</categoryCombo>
			<url/>
			<zeroIsSignificant>false</zeroIsSignificant>
		</dataElement>
		<dataElement name="UNAIDS: Estimated number of people (15+) living with HIV" created="2015-06-25T03:27:01.272+0000" lastUpdated="2015-07-28T12:59:28.790+0000" shortName="UNAIDS: Est. (15+) living with HIV" id="xAihkVcBj4F">
			<externalAccess>false</externalAccess>
			<publicAccess>rw------</publicAccess>
			<user name="admin admin" created="2015-06-11T08:32:27.675+0000" lastUpdated="2015-06-11T08:32:27.675+0000" id="dR2CNVSqQqu">
				<externalAccess>false</externalAccess>
			</user>
			<domainType>AGGREGATE</domainType>
			<type>int</type>
			<numberType>number</numberType>
			<aggregationOperator>sum</aggregationOperator>
			<categoryCombo name="UNAIDS (Replace): Gender CC" created="2015-07-28T12:58:35.164+0000" lastUpdated="2015-07-28T12:58:35.206+0000" id="qvB61otjRbM">
				<externalAccess>false</externalAccess>
				<publicAccess>rw------</publicAccess>
				<user name="admin admin" created="2015-06-11T08:32:27.675+0000" lastUpdated="2015-06-11T08:32:27.675+0000" id="dR2CNVSqQqu">
					<externalAccess>false</externalAccess>
				</user>
			</categoryCombo>
			<url/>
			<zeroIsSignificant>false</zeroIsSignificant>
		</dataElement>
		<dataElement name="UNAIDS: Estimated number of people (&lt;15) living with HIV" created="2015-06-25T03:32:58.609+0000" lastUpdated="2015-07-28T13:00:28.266+0000" shortName="UNAIDS: Est. (&lt;15) living with HIV" id="F4KpUnnx0S5">
			<externalAccess>false</externalAccess>
			<publicAccess>rw------</publicAccess>
			<user name="admin admin" created="2015-06-11T08:32:27.675+0000" lastUpdated="2015-06-11T08:32:27.675+0000" id="dR2CNVSqQqu">
				<externalAccess>false</externalAccess>
			</user>
			<domainType>AGGREGATE</domainType>
			<type>int</type>
			<numberType>number</numberType>
			<aggregationOperator>sum</aggregationOperator>
			<categoryCombo name="UNAIDS (Replace): Gender CC" created="2015-07-28T12:58:35.164+0000" lastUpdated="2015-07-28T12:58:35.206+0000" id="qvB61otjRbM">
				<externalAccess>false</externalAccess>
				<publicAccess>rw------</publicAccess>
				<user name="admin admin" created="2015-06-11T08:32:27.675+0000" lastUpdated="2015-06-11T08:32:27.675+0000" id="dR2CNVSqQqu">
					<externalAccess>false</externalAccess>
				</user>
			</categoryCombo>
			<url/>
			<zeroIsSignificant>false</zeroIsSignificant>
		</dataElement>
	</dataElements>
	<indicators>
		<indicator name="UNAIDS: Percentage of all people (15+) living with HIV who are receiving ART" created="2015-06-25T03:56:57.065+0000" lastUpdated="2015-07-28T13:18:18.747+0000" shortName="UNAIDS: % (15+) with HIV receiving ART" id="nm6RoKpd4bn">
			<externalAccess>false</externalAccess>
			<publicAccess>rw------</publicAccess>
			<user name="admin admin" created="2015-06-11T08:32:27.675+0000" lastUpdated="2015-06-11T08:32:27.675+0000" id="dR2CNVSqQqu">
				<externalAccess>false</externalAccess>
			</user>
			<annualized>true</annualized>
			<indicatorType name="UNAIDS (Replace): Percentage" created="2015-06-25T03:49:09.699+0000" lastUpdated="2015-07-28T12:54:24.807+0000" id="dFHyk9eYIqZ">
				<externalAccess>false</externalAccess>
			</indicatorType>
			<numerator>#{ZAGAMhSKqUx}</numerator>
			<numeratorDescription>UNAIDS (replace) Number of people (15+) receiving ART</numeratorDescription>
			<denominator>#{xAihkVcBj4F.fRQk2H3QbhW}</denominator>
			<denominatorDescription>UNAIDS: Est. (15+) with HIV</denominatorDescription>
			<url/>
		</indicator>
		<indicator name="UNAIDS: Percentage of all people (15-49) living with HIV who are receiving ART" created="2015-06-25T03:55:47.175+0000" lastUpdated="2015-07-28T13:19:02.874+0000" shortName="UNAIDS: % (15-49) with HIV receiving ART" id="iBEW5RohQVv">
			<externalAccess>false</externalAccess>
			<publicAccess>rw------</publicAccess>
			<user name="admin admin" created="2015-06-11T08:32:27.675+0000" lastUpdated="2015-06-11T08:32:27.675+0000" id="dR2CNVSqQqu">
				<externalAccess>false</externalAccess>
			</user>
			<annualized>true</annualized>
			<indicatorType name="UNAIDS (Replace): Percentage" created="2015-06-25T03:49:09.699+0000" lastUpdated="2015-07-28T12:54:24.807+0000" id="dFHyk9eYIqZ">
				<externalAccess>false</externalAccess>
			</indicatorType>
			<numerator>#{Gm1VWFIJoBJ}</numerator>
			<numeratorDescription>UNAIDS (replace) Number of people (15-49) receiving ART</numeratorDescription>
			<denominator>#{rhXstKVfvvj.fRQk2H3QbhW}</denominator>
			<denominatorDescription>UNAIDS: Est. (15-49) with HIV</denominatorDescription>
			<url/>
		</indicator>
		<indicator name="UNAIDS: Percentage of all people (&lt;15) living with HIV who are receiving ART" created="2015-06-25T03:53:59.194+0000" lastUpdated="2015-07-28T13:19:38.648+0000" shortName="UNAIDS: % (&lt;15) with HIV receiving ART" id="pftxS3oxPCA">
			<externalAccess>false</externalAccess>
			<publicAccess>rw------</publicAccess>
			<user name="admin admin" created="2015-06-11T08:32:27.675+0000" lastUpdated="2015-06-11T08:32:27.675+0000" id="dR2CNVSqQqu">
				<externalAccess>false</externalAccess>
			</user>
			<annualized>true</annualized>
			<indicatorType name="UNAIDS (Replace): Percentage" created="2015-06-25T03:49:09.699+0000" lastUpdated="2015-07-28T12:54:24.807+0000" id="dFHyk9eYIqZ">
				<externalAccess>false</externalAccess>
			</indicatorType>
			<numerator>#{cv0KxqAMpXE}</numerator>
			<numeratorDescription>UNAIDS (replace) Number of people (&lt;15) receiving ART</numeratorDescription>
			<denominator>#{F4KpUnnx0S5.fRQk2H3QbhW}</denominator>
			<denominatorDescription>UNAIDS: Est. (&lt;15) with HIV</denominatorDescription>
			<url/>
		</indicator>
		<indicator name="UNAIDS: Percentage of HIV+ pregnant women who receive antiretrovirals to reduce the risk of MTCT " created="2015-06-25T04:09:37.445+0000" lastUpdated="2015-07-28T13:20:31.963+0000" shortName="UNAIDS: % HIV+ preg. women rec. ARV for MTCT" id="nfcN4BiwvYU">
			<externalAccess>false</externalAccess>
			<publicAccess>rw------</publicAccess>
			<user name="admin admin" created="2015-06-11T08:32:27.675+0000" lastUpdated="2015-06-11T08:32:27.675+0000" id="dR2CNVSqQqu">
				<externalAccess>false</externalAccess>
			</user>
			<annualized>true</annualized>
			<indicatorType name="UNAIDS (Replace): Percentage" created="2015-06-25T03:49:09.699+0000" lastUpdated="2015-07-28T12:54:24.807+0000" id="dFHyk9eYIqZ">
				<externalAccess>false</externalAccess>
			</indicatorType>
			<numerator>#{mWTkLghZ2tN.fRQk2H3QbhW}</numerator>
			<numeratorDescription>UNAIDS (replace): Number of women receiving antiretrovirals to reduce the risk of MTCT</numeratorDescription>
			<denominator>#{PjLBZcVwRnr.fRQk2H3QbhW}</denominator>
			<denominatorDescription>UNAIDS: Est. HIV+ pregnant women</denominatorDescription>
			<url/>
		</indicator>
		<indicator name="UNAIDS: Percentage of HIV-exposed infants who received an HIV test" created="2015-06-25T04:12:01.703+0000" lastUpdated="2015-07-28T13:21:03.739+0000" shortName="UNAIDS: % HIV-exposed infants rec. HIV test" id="XMd0oMqjOuE">
			<externalAccess>false</externalAccess>
			<publicAccess>rw------</publicAccess>
			<user name="admin admin" created="2015-06-11T08:32:27.675+0000" lastUpdated="2015-06-11T08:32:27.675+0000" id="dR2CNVSqQqu">
				<externalAccess>false</externalAccess>
			</user>
			<annualized>true</annualized>
			<indicatorType name="UNAIDS (Replace): Percentage" created="2015-06-25T03:49:09.699+0000" lastUpdated="2015-07-28T12:54:24.807+0000" id="dFHyk9eYIqZ">
				<externalAccess>false</externalAccess>
			</indicatorType>
			<numerator>#{naf8VAWkVWG.fRQk2H3QbhW}</numerator>
			<numeratorDescription>UNAIDS (replace): Total HIV-exposed infants testing by 12 months</numeratorDescription>
			<denominator>#{PjLBZcVwRnr.fRQk2H3QbhW}</denominator>
			<denominatorDescription>UNAIDS: Est. HIV+ pregnant women</denominatorDescription>
			<url/>
		</indicator>
		<indicator name="UNAIDS: Percentage of people (15+) eligible for HIV treatment according to national criteria that are receiving ART " created="2015-06-25T04:03:48.773+0000" lastUpdated="2015-07-28T13:23:29.546+0000" shortName="UNAIDS: % (15+) eligible receiving ART" id="qmwEh6rmdmw">
			<externalAccess>false</externalAccess>
			<publicAccess>rw------</publicAccess>
			<user name="admin admin" created="2015-06-11T08:32:27.675+0000" lastUpdated="2015-06-11T08:32:27.675+0000" id="dR2CNVSqQqu">
				<externalAccess>false</externalAccess>
			</user>
			<annualized>true</annualized>
			<indicatorType name="UNAIDS (Replace): Percentage" created="2015-06-25T03:49:09.699+0000" lastUpdated="2015-07-28T12:54:24.807+0000" id="dFHyk9eYIqZ">
				<externalAccess>false</externalAccess>
			</indicatorType>
			<numerator>#{ZAGAMhSKqUx}</numerator>
			<numeratorDescription>UNAIDS (replace) Number of people (15+) receiving ART</numeratorDescription>
			<denominator>#{LEdbdocVhvx.fRQk2H3QbhW}</denominator>
			<denominatorDescription>UNAIDS: Est. (15+) receiving ART (guidelines)</denominatorDescription>
			<url/>
		</indicator>
		<indicator name="UNAIDS: Percentage of people (15-49) eligible for HIV treatment according to national criteria that are receiving ART " created="2015-06-25T04:07:13.545+0000" lastUpdated="2015-07-28T13:23:51.345+0000" shortName="UNAIDS: % (15-49) eligible receiving ART" id="tQqjG8kIj2g">
			<externalAccess>false</externalAccess>
			<publicAccess>rw------</publicAccess>
			<user name="admin admin" created="2015-06-11T08:32:27.675+0000" lastUpdated="2015-06-11T08:32:27.675+0000" id="dR2CNVSqQqu">
				<externalAccess>false</externalAccess>
			</user>
			<annualized>true</annualized>
			<indicatorType name="UNAIDS (Replace): Percentage" created="2015-06-25T03:49:09.699+0000" lastUpdated="2015-07-28T12:54:24.807+0000" id="dFHyk9eYIqZ">
				<externalAccess>false</externalAccess>
			</indicatorType>
			<numerator>#{aSjZWNGGuS1}</numerator>
			<numeratorDescription>UNAIDS (replace) Number of people (15-49) receiving ART</numeratorDescription>
			<denominator>#{L09aPqJyfww.fRQk2H3QbhW}</denominator>
			<denominatorDescription>UNAIDS: Est. (15-49) receiving ART (guidelines)</denominatorDescription>
			<url/>
		</indicator>
		<indicator name="UNAIDS: Percentage of people (&lt;15) eligible for HIV treatment according to national criteria that are receiving ART " created="2015-06-25T04:02:20.416+0000" lastUpdated="2015-07-28T13:24:26.936+0000" shortName="UNAIDS: % (&lt;15) eligible receiving ART" id="yLufFjFh4gi">
			<externalAccess>false</externalAccess>
			<publicAccess>rw------</publicAccess>
			<user name="admin admin" created="2015-06-11T08:32:27.675+0000" lastUpdated="2015-06-11T08:32:27.675+0000" id="dR2CNVSqQqu">
				<externalAccess>false</externalAccess>
			</user>
			<annualized>true</annualized>
			<indicatorType name="UNAIDS (Replace): Percentage" created="2015-06-25T03:49:09.699+0000" lastUpdated="2015-07-28T12:54:24.807+0000" id="dFHyk9eYIqZ">
				<externalAccess>false</externalAccess>
			</indicatorType>
			<numerator>#{cv0KxqAMpXE}</numerator>
			<numeratorDescription>UNAIDS (replace) Number of people (&lt;15) receiving ART</numeratorDescription>
			<denominator>#{khe0fQWys0p.fRQk2H3QbhW}</denominator>
			<denominatorDescription>UNAIDS: Est. (&lt;15) receiving ART (guidelines)</denominatorDescription>
			<url/>
		</indicator>
		<indicator name="UNAIDS: Percentage of people (15+) living with HIV who are enrolled in HIV care " created="2015-06-25T04:18:16.789+0000" lastUpdated="2015-07-28T13:25:03.916+0000" shortName="UNAIDS: % (15+) with HIV enrolled in care" id="flKglewWuwA">
			<externalAccess>false</externalAccess>
			<publicAccess>rw------</publicAccess>
			<user name="admin admin" created="2015-06-11T08:32:27.675+0000" lastUpdated="2015-06-11T08:32:27.675+0000" id="dR2CNVSqQqu">
				<externalAccess>false</externalAccess>
			</user>
			<annualized>true</annualized>
			<indicatorType name="UNAIDS (Replace): Percentage" created="2015-06-25T03:49:09.699+0000" lastUpdated="2015-07-28T12:54:24.807+0000" id="dFHyk9eYIqZ">
				<externalAccess>false</externalAccess>
			</indicatorType>
			<numerator>#{ipxptzJkZKJ}</numerator>
			<numeratorDescription>UNAIDS (replace): Number of people (15+) enrolled in HIV care</numeratorDescription>
			<denominator>#{xAihkVcBj4F.fRQk2H3QbhW}</denominator>
			<denominatorDescription>UNAIDS: Est. (15+) with HIV</denominatorDescription>
			<url/>
		</indicator>
		<indicator name="UNAIDS: Percentage of people (15-49) living with HIV who are enrolled in HIV care " created="2015-06-25T04:20:01.189+0000" lastUpdated="2015-07-28T13:25:34.738+0000" shortName="UNAIDS: % (15-49) with HIV enrolled in care" id="zqngBtlTsP2">
			<externalAccess>false</externalAccess>
			<publicAccess>rw------</publicAccess>
			<user name="admin admin" created="2015-06-11T08:32:27.675+0000" lastUpdated="2015-06-11T08:32:27.675+0000" id="dR2CNVSqQqu">
				<externalAccess>false</externalAccess>
			</user>
			<annualized>true</annualized>
			<indicatorType name="UNAIDS (Replace): Percentage" created="2015-06-25T03:49:09.699+0000" lastUpdated="2015-07-28T12:54:24.807+0000" id="dFHyk9eYIqZ">
				<externalAccess>false</externalAccess>
			</indicatorType>
			<numerator>#{Gm1VWFIJoBJ}</numerator>
			<numeratorDescription>UNAIDS (replace): Number of people (15-49) enrolled in HIV care</numeratorDescription>
			<denominator>#{rhXstKVfvvj.fRQk2H3QbhW}</denominator>
			<denominatorDescription>UNAIDS: Est. (15-49) with HIV</denominatorDescription>
			<url/>
		</indicator>
		<indicator name="UNAIDS: Percentage of people (&lt;15) living with HIV who are enrolled in HIV care " created="2015-06-25T04:13:58.874+0000" lastUpdated="2015-07-28T13:26:07.585+0000" shortName="UNAIDS: % (&lt;15) with HIV enrolled in care" id="GFU3V5xkV0C">
			<externalAccess>false</externalAccess>
			<publicAccess>rw------</publicAccess>
			<user name="admin admin" created="2015-06-11T08:32:27.675+0000" lastUpdated="2015-06-11T08:32:27.675+0000" id="dR2CNVSqQqu">
				<externalAccess>false</externalAccess>
			</user>
			<annualized>true</annualized>
			<indicatorType name="UNAIDS (Replace): Percentage" created="2015-06-25T03:49:09.699+0000" lastUpdated="2015-07-28T12:54:24.807+0000" id="dFHyk9eYIqZ">
				<externalAccess>false</externalAccess>
			</indicatorType>
			<numerator>#{ttaN4MUPCc9}</numerator>
			<numeratorDescription>UNAIDS (replace): Number of people (&lt;15) enrolled in HIV care</numeratorDescription>
			<denominator>#{F4KpUnnx0S5.fRQk2H3QbhW}</denominator>
			<denominatorDescription>UNAIDS: Est. (&lt;15) with HIV</denominatorDescription>
			<url/>
		</indicator>
	</indicators>
	<indicatorTypes>
		<indicatorType name="UNAIDS (Replace): Percentage" created="2015-06-25T03:49:09.699+0000" lastUpdated="2015-07-28T12:54:24.807+0000" id="dFHyk9eYIqZ">
			<externalAccess>false</externalAccess>
			<factor>100</factor>
			<number>false</number>
		</indicatorType>
	</indicatorTypes>
</metaData>
