<?xml version="1.0" encoding="utf-8"?>
<metaData xmlns="http://dhis2.org/schema/dxf/2.0" created="2016-03-02T05:50:41.619+0000">
	<documents>
		<document name="3. UNAIDS Spectrum Import Preparation Guide" created="2015-10-27T03:54:01.489+0000" lastUpdated="2015-10-27T04:02:15.303+0000" id="DzMCvOcUmYr">
			<externalAccess>false</externalAccess>
			<publicAccess>rw------</publicAccess>
			<url>http://dir.eshift.org/dhis-unaids/spectrum/UNAIDS_DHIS2_Spectrum_PostInitiation_Guide_V6_EN.pdf</url>
			<external>true</external>
			<attachment>false</attachment>
		</document>
		<document name="2. UNAIDS Spectrum App Post-Initiation Configuration Guide" created="2015-10-27T03:55:52.338+0000" lastUpdated="2015-10-27T03:58:32.362+0000" id="BPSWzuWElmq">
			<externalAccess>false</externalAccess>
			<publicAccess>r-------</publicAccess>
			<url>http://dir.eshift.org/dhis-unaids/spectrum/UNAIDS_SPECTRUM_DHIS2_RawData_Preparation_Guide_V6_EN.pdf</url>
			<external>true</external>
			<attachment>false</attachment>
		</document>
		<document name="1. UNAIDS Spectrum App Admin Guide" created="2015-10-27T03:56:50.261+0000" lastUpdated="2015-10-27T03:58:12.377+0000" id="Gt4XH2nJdFs">
			<externalAccess>false</externalAccess>
			<publicAccess>r-------</publicAccess>
			<url>http://dir.eshift.org/dhis-unaids/spectrum/UNAIDS_SPECTRUM_DHIS2_Bootstrapping_App_Admin_Guide_V2_EN.pdf</url>
			<external>true</external>
			<attachment>false</attachment>
		</document>
	</documents>
</metaData>
