<?xml version="1.0" encoding="utf-8"?>
<metaData xmlns="http://dhis2.org/schema/dxf/2.0" created="2016-03-02T05:47:42.863+0000">
	<indicators>
		<indicator name="HIV Ind: Percentage of all people (&lt;15) living with HIV who are receiving ART" created="2015-06-25T03:53:59.194+0000" lastUpdated="2016-03-02T04:41:41.517+0000" shortName="HIV Ind: % (&lt;15) with HIV receiving ART" id="pftxS3oxPCA">
			<externalAccess>false</externalAccess>
			<publicAccess>rw------</publicAccess>
			<annualized>true</annualized>
			<indicatorType name="(Replace): Percentage" created="2015-06-25T03:49:09.699+0000" lastUpdated="2016-03-02T04:43:26.281+0000" id="dFHyk9eYIqZ">
				<externalAccess>false</externalAccess>
			</indicatorType>
			<numerator>#{cv0KxqAMpXE}</numerator>
			<numeratorDescription>UNAIDS (replace) Number of people (&lt;15) receiving ART</numeratorDescription>
			<denominator>#{F4KpUnnx0S5}</denominator>
			<denominatorDescription>UNAIDS: Est. (&lt;15) with HIV</denominatorDescription>
			<url/>
		</indicator>
		<indicator name="HIV Ind: Percentage of HIV+ pregnant women who receive antiretrovirals to reduce the risk of MTCT " created="2015-06-25T04:09:37.445+0000" lastUpdated="2016-03-02T04:41:51.583+0000" shortName="HIV Ind: % HIV+ preg. women rec. ARV for MTCT" id="nfcN4BiwvYU">
			<externalAccess>false</externalAccess>
			<publicAccess>rw------</publicAccess>
			<annualized>true</annualized>
			<indicatorType name="(Replace): Percentage" created="2015-06-25T03:49:09.699+0000" lastUpdated="2016-03-02T04:43:26.281+0000" id="dFHyk9eYIqZ">
				<externalAccess>false</externalAccess>
			</indicatorType>
			<numerator>#{mWTkLghZ2tN.fRQk2H3QbhW}</numerator>
			<numeratorDescription>UNAIDS (replace): Number of women receiving antiretrovirals to reduce the risk of MTCT</numeratorDescription>
			<denominator>#{PjLBZcVwRnr.fRQk2H3QbhW}</denominator>
			<denominatorDescription>UNAIDS: Est. HIV+ pregnant women</denominatorDescription>
			<url/>
		</indicator>
		<indicator name="HIV Ind: Percentage of HIV-exposed infants who received an HIV test" created="2015-06-25T04:12:01.703+0000" lastUpdated="2016-03-02T04:42:01.187+0000" shortName="HIV Ind: % HIV-exposed infants rec. HIV test" id="XMd0oMqjOuE">
			<externalAccess>false</externalAccess>
			<publicAccess>rw------</publicAccess>
			<annualized>true</annualized>
			<indicatorType name="(Replace): Percentage" created="2015-06-25T03:49:09.699+0000" lastUpdated="2016-03-02T04:43:26.281+0000" id="dFHyk9eYIqZ">
				<externalAccess>false</externalAccess>
			</indicatorType>
			<numerator>#{naf8VAWkVWG.fRQk2H3QbhW}</numerator>
			<numeratorDescription>UNAIDS (replace): Total HIV-exposed infants testing by 12 months</numeratorDescription>
			<denominator>#{PjLBZcVwRnr.fRQk2H3QbhW}</denominator>
			<denominatorDescription>UNAIDS: Est. HIV+ pregnant women</denominatorDescription>
			<url/>
		</indicator>
		<indicator name="HIV Ind: Percentage of people (15+) eligible for HIV treatment according to national criteria that are receiving ART " created="2015-06-25T04:03:48.773+0000" lastUpdated="2016-03-02T04:42:09.766+0000" shortName="HIV Ind: % (15+) eligible receiving ART" id="qmwEh6rmdmw">
			<externalAccess>false</externalAccess>
			<publicAccess>rw------</publicAccess>
			<annualized>true</annualized>
			<indicatorType name="(Replace): Percentage" created="2015-06-25T03:49:09.699+0000" lastUpdated="2016-03-02T04:43:26.281+0000" id="dFHyk9eYIqZ">
				<externalAccess>false</externalAccess>
			</indicatorType>
			<numerator>#{ZAGAMhSKqUx}</numerator>
			<numeratorDescription>UNAIDS (replace) Number of people (15+) receiving ART</numeratorDescription>
			<denominator>#{LEdbdocVhvx}</denominator>
			<denominatorDescription>UNAIDS: Est. (15+) receiving ART (guidelines)</denominatorDescription>
			<url/>
		</indicator>
		<indicator name="HIV Ind: Percentage of people (15+) living with HIV who are enrolled in HIV care " created="2015-06-25T04:18:16.789+0000" lastUpdated="2016-03-02T04:42:18.941+0000" shortName="HIV Ind: % (15+) with HIV enrolled in care" id="flKglewWuwA">
			<externalAccess>false</externalAccess>
			<publicAccess>rw------</publicAccess>
			<annualized>true</annualized>
			<indicatorType name="(Replace): Percentage" created="2015-06-25T03:49:09.699+0000" lastUpdated="2016-03-02T04:43:26.281+0000" id="dFHyk9eYIqZ">
				<externalAccess>false</externalAccess>
			</indicatorType>
			<numerator>#{ipxptzJkZKJ}</numerator>
			<numeratorDescription>UNAIDS (replace): Number of people (15+) enrolled in HIV care</numeratorDescription>
			<denominator>#{xAihkVcBj4F}</denominator>
			<denominatorDescription>UNAIDS: Est. (15+) with HIV</denominatorDescription>
			<url/>
		</indicator>
		<indicator name="HIV Ind: Percentage of people (15-49) living with HIV who are enrolled in HIV care " created="2015-06-25T04:20:01.189+0000" lastUpdated="2016-03-02T04:42:37.621+0000" shortName="HIV Ind: % (15-49) with HIV enrolled in care" id="zqngBtlTsP2">
			<externalAccess>false</externalAccess>
			<publicAccess>rw------</publicAccess>
			<annualized>true</annualized>
			<indicatorType name="(Replace): Percentage" created="2015-06-25T03:49:09.699+0000" lastUpdated="2016-03-02T04:43:26.281+0000" id="dFHyk9eYIqZ">
				<externalAccess>false</externalAccess>
			</indicatorType>
			<numerator>#{Gm1VWFIJoBJ}</numerator>
			<numeratorDescription>UNAIDS (replace): Number of people (15-49) enrolled in HIV care</numeratorDescription>
			<denominator>#{rhXstKVfvvj}</denominator>
			<denominatorDescription>UNAIDS: Est. (15-49) with HIV</denominatorDescription>
			<url/>
		</indicator>
		<indicator name="HIV Ind: Percentage of people (&lt;15) eligible for HIV treatment according to national criteria that are receiving ART " created="2015-06-25T04:02:20.416+0000" lastUpdated="2016-03-02T04:42:48.812+0000" shortName="HIV Ind: % (&lt;15) eligible receiving ART" id="yLufFjFh4gi">
			<externalAccess>false</externalAccess>
			<publicAccess>rw------</publicAccess>
			<annualized>true</annualized>
			<indicatorType name="(Replace): Percentage" created="2015-06-25T03:49:09.699+0000" lastUpdated="2016-03-02T04:43:26.281+0000" id="dFHyk9eYIqZ">
				<externalAccess>false</externalAccess>
			</indicatorType>
			<numerator>#{cv0KxqAMpXE}</numerator>
			<numeratorDescription>UNAIDS (replace) Number of people (&lt;15) receiving ART</numeratorDescription>
			<denominator>#{khe0fQWys0p}</denominator>
			<denominatorDescription>UNAIDS: Est. (&lt;15) receiving ART (guidelines)</denominatorDescription>
			<url/>
		</indicator>
		<indicator name="HIV Ind: Percentage of all people (15+) living with HIV who are receiving ART" created="2015-06-25T03:56:57.065+0000" lastUpdated="2016-03-02T04:41:15.642+0000" shortName="HIV Ind: % (15+) with HIV receiving ART" id="nm6RoKpd4bn">
			<externalAccess>false</externalAccess>
			<publicAccess>rw------</publicAccess>
			<annualized>true</annualized>
			<indicatorType name="(Replace): Percentage" created="2015-06-25T03:49:09.699+0000" lastUpdated="2016-03-02T04:43:26.281+0000" id="dFHyk9eYIqZ">
				<externalAccess>false</externalAccess>
			</indicatorType>
			<numerator>#{ZAGAMhSKqUx}</numerator>
			<numeratorDescription>UNAIDS (replace) Number of people (15+) receiving ART</numeratorDescription>
			<denominator>#{xAihkVcBj4F}</denominator>
			<denominatorDescription>UNAIDS: Est. (15+) with HIV</denominatorDescription>
			<url/>
		</indicator>
		<indicator name="HIV Ind: Percentage of people (&lt;15) living with HIV who are enrolled in HIV care " created="2015-06-25T04:13:58.874+0000" lastUpdated="2016-03-02T04:42:58.152+0000" shortName="HIV Ind: % (&lt;15) with HIV enrolled in care" id="GFU3V5xkV0C">
			<externalAccess>false</externalAccess>
			<publicAccess>rw------</publicAccess>
			<annualized>true</annualized>
			<indicatorType name="(Replace): Percentage" created="2015-06-25T03:49:09.699+0000" lastUpdated="2016-03-02T04:43:26.281+0000" id="dFHyk9eYIqZ">
				<externalAccess>false</externalAccess>
			</indicatorType>
			<numerator>#{ttaN4MUPCc9}</numerator>
			<numeratorDescription>UNAIDS (replace): Number of people (&lt;15) enrolled in HIV care</numeratorDescription>
			<denominator>#{F4KpUnnx0S5}</denominator>
			<denominatorDescription>UNAIDS: Est. (&lt;15) with HIV</denominatorDescription>
			<url/>
		</indicator>
	</indicators>
	<indicatorTypes>
		<indicatorType name="(Replace): Percentage" created="2015-06-25T03:49:09.699+0000" lastUpdated="2016-03-02T04:43:26.281+0000" id="dFHyk9eYIqZ">
			<externalAccess>false</externalAccess>
			<factor>100</factor>
			<number>false</number>
		</indicatorType>
	</indicatorTypes>
</metaData>
