<?xml version='1.0' encoding='UTF-8'?><metaData xmlns="http://dhis2.org/schema/dxf/2.0" created="2015-06-25T03:39:05.378+0000"><dataElements><dataElement name="UNAIDS: Estimated number of people (&lt;15) eligible for ART according to national guidelines" created="2015-06-25T03:28:16.864+0000" lastUpdated="2015-06-25T03:30:04.145+0000" shortName="UNAIDS: Est. (&lt;15)  eligible for ART (guidelines) " id="khe0fQWys0p"><externalAccess>false</externalAccess><publicAccess>rw------</publicAccess><user name="admin admin" created="2015-06-11T08:32:27.675+0000" lastUpdated="2015-06-11T08:32:27.675+0000" id="dR2CNVSqQqu"><externalAccess>false</externalAccess></user><domainType>AGGREGATE</domainType><type>int</type><numberType>number</numberType><aggregationOperator>sum</aggregationOperator><categoryCombo name="default" created="2015-06-11T07:34:56.877+0000" lastUpdated="2015-06-11T07:34:56.896+0000" id="HwwdvOwCeb4"><externalAccess>false</externalAccess><publicAccess>--------</publicAccess></categoryCombo><url></url><zeroIsSignificant>false</zeroIsSignificant></dataElement><dataElement name="UNAIDS: Estimated number of people (15+) living with HIV" created="2015-06-25T03:27:01.272+0000" lastUpdated="2015-06-25T03:31:08.853+0000" shortName="UNAIDS: Est. (15+) living with HIV" id="xAihkVcBj4F"><externalAccess>false</externalAccess><publicAccess>rw------</publicAccess><user name="admin admin" created="2015-06-11T08:32:27.675+0000" lastUpdated="2015-06-11T08:32:27.675+0000" id="dR2CNVSqQqu"><externalAccess>false</externalAccess></user><domainType>AGGREGATE</domainType><type>int</type><numberType>number</numberType><aggregationOperator>sum</aggregationOperator><categoryCombo name="default" created="2015-06-11T07:34:56.877+0000" lastUpdated="2015-06-11T07:34:56.896+0000" id="HwwdvOwCeb4"><externalAccess>false</externalAccess><publicAccess>--------</publicAccess></categoryCombo><url></url><zeroIsSignificant>false</zeroIsSignificant></dataElement><dataElement name="UNAIDS: Estimated number of people (15-49) living with HIV" created="2015-06-25T03:32:19.567+0000" lastUpdated="2015-06-25T03:32:19.586+0000" shortName="UNAIDS: Est. (15-49) living with HIV" id="rhXstKVfvvj"><externalAccess>false</externalAccess><publicAccess>rw------</publicAccess><user name="admin admin" created="2015-06-11T08:32:27.675+0000" lastUpdated="2015-06-11T08:32:27.675+0000" id="dR2CNVSqQqu"><externalAccess>false</externalAccess></user><domainType>AGGREGATE</domainType><type>int</type><numberType>number</numberType><aggregationOperator>sum</aggregationOperator><categoryCombo name="default" created="2015-06-11T07:34:56.877+0000" lastUpdated="2015-06-11T07:34:56.896+0000" id="HwwdvOwCeb4"><externalAccess>false</externalAccess><publicAccess>--------</publicAccess></categoryCombo><url></url><zeroIsSignificant>false</zeroIsSignificant></dataElement><dataElement name="UNAIDS: Estimated number of people (&lt;15) living with HIV" created="2015-06-25T03:32:58.609+0000" lastUpdated="2015-06-25T03:32:58.636+0000" shortName="UNAIDS: Est. (&lt;15) living with HIV" id="F4KpUnnx0S5"><externalAccess>false</externalAccess><publicAccess>rw------</publicAccess><user name="admin admin" created="2015-06-11T08:32:27.675+0000" lastUpdated="2015-06-11T08:32:27.675+0000" id="dR2CNVSqQqu"><externalAccess>false</externalAccess></user><domainType>AGGREGATE</domainType><type>int</type><numberType>number</numberType><aggregationOperator>sum</aggregationOperator><categoryCombo name="default" created="2015-06-11T07:34:56.877+0000" lastUpdated="2015-06-11T07:34:56.896+0000" id="HwwdvOwCeb4"><externalAccess>false</externalAccess><publicAccess>--------</publicAccess></categoryCombo><url></url><zeroIsSignificant>false</zeroIsSignificant></dataElement><dataElement name="UNAIDS: Estimated number of people (15+) eligible for ART according to national guidelines" created="2015-06-25T03:34:13.236+0000" lastUpdated="2015-06-25T03:34:13.251+0000" shortName="UNAIDS: Est. (15+) eligible for ART (guidelines) " id="LEdbdocVhvx"><externalAccess>false</externalAccess><publicAccess>rw------</publicAccess><user name="admin admin" created="2015-06-11T08:32:27.675+0000" lastUpdated="2015-06-11T08:32:27.675+0000" id="dR2CNVSqQqu"><externalAccess>false</externalAccess></user><domainType>AGGREGATE</domainType><type>int</type><numberType>number</numberType><aggregationOperator>sum</aggregationOperator><categoryCombo name="default" created="2015-06-11T07:34:56.877+0000" lastUpdated="2015-06-11T07:34:56.896+0000" id="HwwdvOwCeb4"><externalAccess>false</externalAccess><publicAccess>--------</publicAccess></categoryCombo><url></url><zeroIsSignificant>false</zeroIsSignificant></dataElement><dataElement name="UNAIDS: Estimated number of people (15-49) eligible for ART according to national guidelines" created="2015-06-25T03:35:24.007+0000" lastUpdated="2015-06-25T03:35:24.096+0000" shortName="UNAIDS: Est. (15-49) eligible ART (guidelines) " id="L09aPqJyfww"><externalAccess>false</externalAccess><publicAccess>rw------</publicAccess><user name="admin admin" created="2015-06-11T08:32:27.675+0000" lastUpdated="2015-06-11T08:32:27.675+0000" id="dR2CNVSqQqu"><externalAccess>false</externalAccess></user><domainType>AGGREGATE</domainType><type>int</type><numberType>number</numberType><aggregationOperator>sum</aggregationOperator><categoryCombo name="default" created="2015-06-11T07:34:56.877+0000" lastUpdated="2015-06-11T07:34:56.896+0000" id="HwwdvOwCeb4"><externalAccess>false</externalAccess><publicAccess>--------</publicAccess></categoryCombo><url></url><zeroIsSignificant>false</zeroIsSignificant></dataElement><dataElement name="UNAIDS: Estimated number of HIV+ pregnant women" created="2015-06-25T03:36:49.628+0000" lastUpdated="2015-06-25T03:36:49.655+0000" shortName="UNAIDS: Est. HIV+ pregnant women" id="PjLBZcVwRnr"><externalAccess>false</externalAccess><publicAccess>rw------</publicAccess><user name="admin admin" created="2015-06-11T08:32:27.675+0000" lastUpdated="2015-06-11T08:32:27.675+0000" id="dR2CNVSqQqu"><externalAccess>false</externalAccess></user><domainType>AGGREGATE</domainType><type>int</type><numberType>number</numberType><aggregationOperator>sum</aggregationOperator><categoryCombo name="default" created="2015-06-11T07:34:56.877+0000" lastUpdated="2015-06-11T07:34:56.896+0000" id="HwwdvOwCeb4"><externalAccess>false</externalAccess><publicAccess>--------</publicAccess></categoryCombo><url></url><zeroIsSignificant>false</zeroIsSignificant></dataElement></dataElements></metaData>