<?xml version="1.0" encoding="utf-8"?>
<metaData xmlns="http://dhis2.org/schema/dxf/2.0" created="2015-07-28T13:31:16.514+0000">
	<categories>
		<category name="UNAIDS (Replace): Gender" created="2015-07-28T12:57:53.594+0000" lastUpdated="2015-07-28T12:57:53.788+0000" shortName="UNAIDS (Replace): Gender" id="FdCuYyUfvYO">
			<externalAccess>false</externalAccess>
			<publicAccess>rw------</publicAccess>
			<user name="admin admin" created="2015-06-11T08:32:27.675+0000" lastUpdated="2015-06-11T08:32:27.675+0000" id="dR2CNVSqQqu">
				<externalAccess>false</externalAccess>
			</user>
			<dataDimensionType>DISAGGREGATION</dataDimensionType>
			<dataDimension>false</dataDimension>
			<categoryOptions>
				<categoryOption name="UNAIDS (Replace): Female" created="2015-07-28T12:56:57.843+0000" lastUpdated="2015-07-28T12:56:57.843+0000" id="g8OSXuTADz3">
					<externalAccess>false</externalAccess>
					<publicAccess>rw------</publicAccess>
					<user name="admin admin" created="2015-06-11T08:32:27.675+0000" lastUpdated="2015-06-11T08:32:27.675+0000" id="dR2CNVSqQqu">
						<externalAccess>false</externalAccess>
					</user>
				</categoryOption>
				<categoryOption name="UNAIDS (Replace): Male" created="2015-07-28T12:56:33.133+0000" lastUpdated="2015-07-28T12:56:33.134+0000" id="Hp5nRLMiM4O">
					<externalAccess>false</externalAccess>
					<publicAccess>rw------</publicAccess>
					<user name="admin admin" created="2015-06-11T08:32:27.675+0000" lastUpdated="2015-06-11T08:32:27.675+0000" id="dR2CNVSqQqu">
						<externalAccess>false</externalAccess>
					</user>
				</categoryOption>
			</categoryOptions>
		</category>
		<category name="UNAIDS (Replace): Gender" created="2015-07-28T12:57:53.594+0000" lastUpdated="2015-07-28T12:57:53.788+0000" shortName="UNAIDS (Replace): Gender" id="FdCuYyUfvYO">
			<externalAccess>false</externalAccess>
			<publicAccess>rw------</publicAccess>
			<user name="admin admin" created="2015-06-11T08:32:27.675+0000" lastUpdated="2015-06-11T08:32:27.675+0000" id="dR2CNVSqQqu">
				<externalAccess>false</externalAccess>
			</user>
			<dataDimensionType>DISAGGREGATION</dataDimensionType>
			<dataDimension>false</dataDimension>
			<categoryOptions>
				<categoryOption name="UNAIDS (Replace): Female" created="2015-07-28T12:56:57.843+0000" lastUpdated="2015-07-28T12:56:57.843+0000" id="g8OSXuTADz3">
					<externalAccess>false</externalAccess>
					<publicAccess>rw------</publicAccess>
					<user name="admin admin" created="2015-06-11T08:32:27.675+0000" lastUpdated="2015-06-11T08:32:27.675+0000" id="dR2CNVSqQqu">
						<externalAccess>false</externalAccess>
					</user>
				</categoryOption>
				<categoryOption name="UNAIDS (Replace): Male" created="2015-07-28T12:56:33.133+0000" lastUpdated="2015-07-28T12:56:33.134+0000" id="Hp5nRLMiM4O">
					<externalAccess>false</externalAccess>
					<publicAccess>rw------</publicAccess>
					<user name="admin admin" created="2015-06-11T08:32:27.675+0000" lastUpdated="2015-06-11T08:32:27.675+0000" id="dR2CNVSqQqu">
						<externalAccess>false</externalAccess>
					</user>
				</categoryOption>
			</categoryOptions>
		</category>
		<category name="default" created="2015-06-11T07:34:56.858+0000" lastUpdated="2015-06-11T08:24:51.804+0000" shortName="default" id="yWEyFapkEpJ">
			<externalAccess>false</externalAccess>
			<publicAccess>--------</publicAccess>
			<dataDimensionType>DISAGGREGATION</dataDimensionType>
			<dataDimension>false</dataDimension>
			<categoryOptions>
				<categoryOption name="default" created="2015-06-11T07:34:56.771+0000" lastUpdated="2015-06-11T07:34:56.896+0000" id="W4uxQIsjVUi">
					<externalAccess>false</externalAccess>
					<publicAccess>--------</publicAccess>
				</categoryOption>
			</categoryOptions>
		</category>
	</categories>
	<categoryOptions>
		<categoryOption name="UNAIDS (Replace): Female" created="2015-07-28T12:56:57.843+0000" lastUpdated="2015-07-28T12:56:57.843+0000" shortName="Female" id="g8OSXuTADz3">
			<externalAccess>false</externalAccess>
			<publicAccess>rw------</publicAccess>
			<user name="admin admin" created="2015-06-11T08:32:27.675+0000" lastUpdated="2015-06-11T08:32:27.675+0000" id="dR2CNVSqQqu">
				<externalAccess>false</externalAccess>
			</user>
		</categoryOption>
		<categoryOption name="UNAIDS (Replace): Male" created="2015-07-28T12:56:33.133+0000" lastUpdated="2015-07-28T12:56:33.134+0000" shortName="Male" id="Hp5nRLMiM4O">
			<externalAccess>false</externalAccess>
			<publicAccess>rw------</publicAccess>
			<user name="admin admin" created="2015-06-11T08:32:27.675+0000" lastUpdated="2015-06-11T08:32:27.675+0000" id="dR2CNVSqQqu">
				<externalAccess>false</externalAccess>
			</user>
		</categoryOption>
		<categoryOption name="default" created="2015-06-11T07:34:56.771+0000" lastUpdated="2015-06-11T07:34:56.896+0000" shortName="default" id="W4uxQIsjVUi">
			<externalAccess>false</externalAccess>
			<publicAccess>--------</publicAccess>
		</categoryOption>
	</categoryOptions>
	<categoryCombos>
		<categoryCombo name="UNAIDS (Replace): Gender CC" created="2015-07-28T12:58:35.164+0000" lastUpdated="2015-07-28T12:58:35.206+0000" id="qvB61otjRbM">
			<externalAccess>false</externalAccess>
			<publicAccess>rw------</publicAccess>
			<user name="admin admin" created="2015-06-11T08:32:27.675+0000" lastUpdated="2015-06-11T08:32:27.675+0000" id="dR2CNVSqQqu">
				<externalAccess>false</externalAccess>
			</user>
			<dimensionType>DISAGGREGATION</dimensionType>
			<skipTotal>false</skipTotal>
			<categories>
				<category name="UNAIDS (Replace): Gender" created="2015-07-28T12:57:53.594+0000" lastUpdated="2015-07-28T12:57:53.788+0000" id="FdCuYyUfvYO">
					<externalAccess>false</externalAccess>
					<publicAccess>rw------</publicAccess>
					<user name="admin admin" created="2015-06-11T08:32:27.675+0000" lastUpdated="2015-06-11T08:32:27.675+0000" id="dR2CNVSqQqu">
						<externalAccess>false</externalAccess>
					</user>
				</category>
			</categories>
		</categoryCombo>
		<categoryCombo name="default" created="2015-06-11T07:34:56.877+0000" lastUpdated="2015-06-11T07:34:56.896+0000" id="HwwdvOwCeb4">
			<externalAccess>false</externalAccess>
			<publicAccess>--------</publicAccess>
			<dimensionType>DISAGGREGATION</dimensionType>
			<skipTotal>false</skipTotal>
			<categories>
				<category name="default" created="2015-06-11T07:34:56.858+0000" lastUpdated="2015-06-11T08:24:51.804+0000" id="yWEyFapkEpJ">
					<externalAccess>false</externalAccess>
					<publicAccess>--------</publicAccess>
				</category>
			</categories>
		</categoryCombo>
		<categoryCombo name="UNAIDS (Replace): Gender CC" created="2015-07-28T12:58:35.164+0000" lastUpdated="2015-07-28T12:58:35.206+0000" id="qvB61otjRbM">
			<externalAccess>false</externalAccess>
			<publicAccess>rw------</publicAccess>
			<user name="admin admin" created="2015-06-11T08:32:27.675+0000" lastUpdated="2015-06-11T08:32:27.675+0000" id="dR2CNVSqQqu">
				<externalAccess>false</externalAccess>
			</user>
			<dimensionType>DISAGGREGATION</dimensionType>
			<skipTotal>false</skipTotal>
			<categories>
				<category name="UNAIDS (Replace): Gender" created="2015-07-28T12:57:53.594+0000" lastUpdated="2015-07-28T12:57:53.788+0000" id="FdCuYyUfvYO">
					<externalAccess>false</externalAccess>
					<publicAccess>rw------</publicAccess>
					<user name="admin admin" created="2015-06-11T08:32:27.675+0000" lastUpdated="2015-06-11T08:32:27.675+0000" id="dR2CNVSqQqu">
						<externalAccess>false</externalAccess>
					</user>
				</category>
			</categories>
		</categoryCombo>
	</categoryCombos>
	<categoryOptionCombos>
		<categoryOptionCombo name="(UNAIDS (Replace): Male)" created="2015-07-28T12:58:35.202+0000" lastUpdated="2015-07-28T12:58:35.204+0000" id="OmL59ldRIVV">
			<externalAccess>false</externalAccess>
			<categoryCombo name="UNAIDS (Replace): Gender CC" created="2015-07-28T12:58:35.164+0000" lastUpdated="2015-07-28T12:58:35.206+0000" id="qvB61otjRbM">
				<externalAccess>false</externalAccess>
				<publicAccess>rw------</publicAccess>
				<user name="admin admin" created="2015-06-11T08:32:27.675+0000" lastUpdated="2015-06-11T08:32:27.675+0000" id="dR2CNVSqQqu">
					<externalAccess>false</externalAccess>
				</user>
			</categoryCombo>
			<ignoreApproval>false</ignoreApproval>
			<categoryOptions>
				<categoryOption name="UNAIDS (Replace): Male" created="2015-07-28T12:56:33.133+0000" lastUpdated="2015-07-28T12:56:33.134+0000" id="Hp5nRLMiM4O">
					<externalAccess>false</externalAccess>
					<publicAccess>rw------</publicAccess>
					<user name="admin admin" created="2015-06-11T08:32:27.675+0000" lastUpdated="2015-06-11T08:32:27.675+0000" id="dR2CNVSqQqu">
						<externalAccess>false</externalAccess>
					</user>
				</categoryOption>
			</categoryOptions>
		</categoryOptionCombo>
		<categoryOptionCombo name="(UNAIDS (Replace): Female)" created="2015-07-28T12:58:35.202+0000" lastUpdated="2015-07-28T12:58:35.205+0000" id="LwoUpOaVGnN">
			<externalAccess>false</externalAccess>
			<categoryCombo name="UNAIDS (Replace): Gender CC" created="2015-07-28T12:58:35.164+0000" lastUpdated="2015-07-28T12:58:35.206+0000" id="qvB61otjRbM">
				<externalAccess>false</externalAccess>
				<publicAccess>rw------</publicAccess>
				<user name="admin admin" created="2015-06-11T08:32:27.675+0000" lastUpdated="2015-06-11T08:32:27.675+0000" id="dR2CNVSqQqu">
					<externalAccess>false</externalAccess>
				</user>
			</categoryCombo>
			<ignoreApproval>false</ignoreApproval>
			<categoryOptions>
				<categoryOption name="UNAIDS (Replace): Female" created="2015-07-28T12:56:57.843+0000" lastUpdated="2015-07-28T12:56:57.843+0000" id="g8OSXuTADz3">
					<externalAccess>false</externalAccess>
					<publicAccess>rw------</publicAccess>
					<user name="admin admin" created="2015-06-11T08:32:27.675+0000" lastUpdated="2015-06-11T08:32:27.675+0000" id="dR2CNVSqQqu">
						<externalAccess>false</externalAccess>
					</user>
				</categoryOption>
			</categoryOptions>
		</categoryOptionCombo>
		<categoryOptionCombo name="(default)" created="2015-06-11T07:34:56.885+0000" lastUpdated="2015-06-11T07:34:56.885+0000" id="fRQk2H3QbhW">
			<externalAccess>false</externalAccess>
			<categoryCombo name="default" created="2015-06-11T07:34:56.877+0000" lastUpdated="2015-06-11T07:34:56.896+0000" id="HwwdvOwCeb4">
				<externalAccess>false</externalAccess>
				<publicAccess>--------</publicAccess>
			</categoryCombo>
			<ignoreApproval>false</ignoreApproval>
			<categoryOptions>
				<categoryOption name="default" created="2015-06-11T07:34:56.771+0000" lastUpdated="2015-06-11T07:34:56.896+0000" id="W4uxQIsjVUi">
					<externalAccess>false</externalAccess>
					<publicAccess>--------</publicAccess>
				</categoryOption>
			</categoryOptions>
		</categoryOptionCombo>
	</categoryOptionCombos>
	<dataElements>
		<dataElement name="UNAIDS (replace): Number of people (15-49) receiving ART" created="2015-07-28T13:07:08.242+0000" lastUpdated="2015-07-28T13:07:45.587+0000" shortName="UNAIDS (replace): No. 15-49  receiving ART" id="aSjZWNGGuS1">
			<externalAccess>false</externalAccess>
			<publicAccess>rw------</publicAccess>
			<user name="admin admin" created="2015-06-11T08:32:27.675+0000" lastUpdated="2015-06-11T08:32:27.675+0000" id="dR2CNVSqQqu">
				<externalAccess>false</externalAccess>
			</user>
			<domainType>AGGREGATE</domainType>
			<type>int</type>
			<numberType>number</numberType>
			<aggregationOperator>sum</aggregationOperator>
			<categoryCombo name="UNAIDS (Replace): Gender CC" created="2015-07-28T12:58:35.164+0000" lastUpdated="2015-07-28T12:58:35.206+0000" id="qvB61otjRbM">
				<externalAccess>false</externalAccess>
				<publicAccess>rw------</publicAccess>
				<user name="admin admin" created="2015-06-11T08:32:27.675+0000" lastUpdated="2015-06-11T08:32:27.675+0000" id="dR2CNVSqQqu">
					<externalAccess>false</externalAccess>
				</user>
			</categoryCombo>
			<url/>
			<zeroIsSignificant>false</zeroIsSignificant>
		</dataElement>
		<dataElement name="UNAIDS (replace): Total HIV-exposed infants testing by 12 months " created="2015-07-28T13:09:47.371+0000" lastUpdated="2015-07-28T13:09:47.386+0000" shortName="UNAIDS: Total HIV-exp. infants tested by 12m" id="naf8VAWkVWG">
			<externalAccess>false</externalAccess>
			<publicAccess>rw------</publicAccess>
			<user name="admin admin" created="2015-06-11T08:32:27.675+0000" lastUpdated="2015-06-11T08:32:27.675+0000" id="dR2CNVSqQqu">
				<externalAccess>false</externalAccess>
			</user>
			<domainType>AGGREGATE</domainType>
			<type>int</type>
			<numberType>number</numberType>
			<aggregationOperator>sum</aggregationOperator>
			<categoryCombo name="default" created="2015-06-11T07:34:56.877+0000" lastUpdated="2015-06-11T07:34:56.896+0000" id="HwwdvOwCeb4">
				<externalAccess>false</externalAccess>
				<publicAccess>--------</publicAccess>
			</categoryCombo>
			<url/>
			<zeroIsSignificant>false</zeroIsSignificant>
		</dataElement>
		<dataElement name="UNAIDS (replace): Number of people (15-49) enrolled in HIV care" created="2015-07-28T13:11:31.873+0000" lastUpdated="2015-07-28T13:11:31.886+0000" shortName="UNAIDS (replace): No. 15-49 enrolled in HIV care" id="Gm1VWFIJoBJ">
			<externalAccess>false</externalAccess>
			<publicAccess>rw------</publicAccess>
			<user name="admin admin" created="2015-06-11T08:32:27.675+0000" lastUpdated="2015-06-11T08:32:27.675+0000" id="dR2CNVSqQqu">
				<externalAccess>false</externalAccess>
			</user>
			<domainType>AGGREGATE</domainType>
			<type>int</type>
			<numberType>number</numberType>
			<aggregationOperator>sum</aggregationOperator>
			<categoryCombo name="UNAIDS (Replace): Gender CC" created="2015-07-28T12:58:35.164+0000" lastUpdated="2015-07-28T12:58:35.206+0000" id="qvB61otjRbM">
				<externalAccess>false</externalAccess>
				<publicAccess>rw------</publicAccess>
				<user name="admin admin" created="2015-06-11T08:32:27.675+0000" lastUpdated="2015-06-11T08:32:27.675+0000" id="dR2CNVSqQqu">
					<externalAccess>false</externalAccess>
				</user>
			</categoryCombo>
			<url/>
			<zeroIsSignificant>false</zeroIsSignificant>
		</dataElement>
		<dataElement name="UNAIDS (replace): Number of people (15+) enrolled in HIV care " created="2015-07-28T13:10:59.116+0000" lastUpdated="2015-07-28T13:14:15.639+0000" shortName="UNAIDS (replace): No. 15+ enrolled in HIV care" id="ipxptzJkZKJ">
			<externalAccess>false</externalAccess>
			<publicAccess>rw------</publicAccess>
			<user name="admin admin" created="2015-06-11T08:32:27.675+0000" lastUpdated="2015-06-11T08:32:27.675+0000" id="dR2CNVSqQqu">
				<externalAccess>false</externalAccess>
			</user>
			<domainType>AGGREGATE</domainType>
			<type>int</type>
			<numberType>number</numberType>
			<aggregationOperator>sum</aggregationOperator>
			<categoryCombo name="UNAIDS (Replace): Gender CC" created="2015-07-28T12:58:35.164+0000" lastUpdated="2015-07-28T12:58:35.206+0000" id="qvB61otjRbM">
				<externalAccess>false</externalAccess>
				<publicAccess>rw------</publicAccess>
				<user name="admin admin" created="2015-06-11T08:32:27.675+0000" lastUpdated="2015-06-11T08:32:27.675+0000" id="dR2CNVSqQqu">
					<externalAccess>false</externalAccess>
				</user>
			</categoryCombo>
			<url/>
			<zeroIsSignificant>false</zeroIsSignificant>
		</dataElement>
		<dataElement name="UNAIDS (replace): Number of people (&lt;15) enrolled in HIV care " created="2015-07-28T13:14:49.618+0000" lastUpdated="2015-07-28T13:14:49.636+0000" shortName="UNAIDS (replace): No. &lt;15 enrolled in HIV care" id="ttaN4MUPCc9">
			<externalAccess>false</externalAccess>
			<publicAccess>rw------</publicAccess>
			<user name="admin admin" created="2015-06-11T08:32:27.675+0000" lastUpdated="2015-06-11T08:32:27.675+0000" id="dR2CNVSqQqu">
				<externalAccess>false</externalAccess>
			</user>
			<domainType>AGGREGATE</domainType>
			<type>int</type>
			<numberType>number</numberType>
			<aggregationOperator>sum</aggregationOperator>
			<categoryCombo name="UNAIDS (Replace): Gender CC" created="2015-07-28T12:58:35.164+0000" lastUpdated="2015-07-28T12:58:35.206+0000" id="qvB61otjRbM">
				<externalAccess>false</externalAccess>
				<publicAccess>rw------</publicAccess>
				<user name="admin admin" created="2015-06-11T08:32:27.675+0000" lastUpdated="2015-06-11T08:32:27.675+0000" id="dR2CNVSqQqu">
					<externalAccess>false</externalAccess>
				</user>
			</categoryCombo>
			<url/>
			<zeroIsSignificant>false</zeroIsSignificant>
		</dataElement>
		<dataElement name="UNAIDS: Estimated number of people (15+) eligible for ART according to national guidelines" created="2015-06-25T03:34:13.236+0000" lastUpdated="2015-07-28T12:59:14.974+0000" shortName="UNAIDS: Est. (15+) eligible for ART (guidelines) " id="LEdbdocVhvx">
			<externalAccess>false</externalAccess>
			<publicAccess>rw------</publicAccess>
			<user name="admin admin" created="2015-06-11T08:32:27.675+0000" lastUpdated="2015-06-11T08:32:27.675+0000" id="dR2CNVSqQqu">
				<externalAccess>false</externalAccess>
			</user>
			<domainType>AGGREGATE</domainType>
			<type>int</type>
			<numberType>number</numberType>
			<aggregationOperator>sum</aggregationOperator>
			<categoryCombo name="UNAIDS (Replace): Gender CC" created="2015-07-28T12:58:35.164+0000" lastUpdated="2015-07-28T12:58:35.206+0000" id="qvB61otjRbM">
				<externalAccess>false</externalAccess>
				<publicAccess>rw------</publicAccess>
				<user name="admin admin" created="2015-06-11T08:32:27.675+0000" lastUpdated="2015-06-11T08:32:27.675+0000" id="dR2CNVSqQqu">
					<externalAccess>false</externalAccess>
				</user>
			</categoryCombo>
			<url/>
			<zeroIsSignificant>false</zeroIsSignificant>
		</dataElement>
		<dataElement name="UNAIDS: Estimated number of people (15+) living with HIV" created="2015-06-25T03:27:01.272+0000" lastUpdated="2015-07-28T12:59:28.790+0000" shortName="UNAIDS: Est. (15+) living with HIV" id="xAihkVcBj4F">
			<externalAccess>false</externalAccess>
			<publicAccess>rw------</publicAccess>
			<user name="admin admin" created="2015-06-11T08:32:27.675+0000" lastUpdated="2015-06-11T08:32:27.675+0000" id="dR2CNVSqQqu">
				<externalAccess>false</externalAccess>
			</user>
			<domainType>AGGREGATE</domainType>
			<type>int</type>
			<numberType>number</numberType>
			<aggregationOperator>sum</aggregationOperator>
			<categoryCombo name="UNAIDS (Replace): Gender CC" created="2015-07-28T12:58:35.164+0000" lastUpdated="2015-07-28T12:58:35.206+0000" id="qvB61otjRbM">
				<externalAccess>false</externalAccess>
				<publicAccess>rw------</publicAccess>
				<user name="admin admin" created="2015-06-11T08:32:27.675+0000" lastUpdated="2015-06-11T08:32:27.675+0000" id="dR2CNVSqQqu">
					<externalAccess>false</externalAccess>
				</user>
			</categoryCombo>
			<url/>
			<zeroIsSignificant>false</zeroIsSignificant>
		</dataElement>
		<dataElement name="UNAIDS: Estimated number of HIV+ pregnant women" created="2015-06-25T03:36:49.628+0000" lastUpdated="2015-07-28T12:59:37.038+0000" shortName="UNAIDS: Est. HIV+ pregnant women" id="PjLBZcVwRnr">
			<externalAccess>false</externalAccess>
			<publicAccess>rw------</publicAccess>
			<user name="admin admin" created="2015-06-11T08:32:27.675+0000" lastUpdated="2015-06-11T08:32:27.675+0000" id="dR2CNVSqQqu">
				<externalAccess>false</externalAccess>
			</user>
			<domainType>AGGREGATE</domainType>
			<type>int</type>
			<numberType>number</numberType>
			<aggregationOperator>sum</aggregationOperator>
			<categoryCombo name="default" created="2015-06-11T07:34:56.877+0000" lastUpdated="2015-06-11T07:34:56.896+0000" id="HwwdvOwCeb4">
				<externalAccess>false</externalAccess>
				<publicAccess>--------</publicAccess>
			</categoryCombo>
			<url/>
			<zeroIsSignificant>false</zeroIsSignificant>
		</dataElement>
		<dataElement name="UNAIDS: Estimated number of people (15-49) eligible for ART according to national guidelines" created="2015-06-25T03:35:24.007+0000" lastUpdated="2015-07-28T12:59:55.255+0000" shortName="UNAIDS: Est. (15-49) eligible ART (guidelines) " id="L09aPqJyfww">
			<externalAccess>false</externalAccess>
			<publicAccess>rw------</publicAccess>
			<user name="admin admin" created="2015-06-11T08:32:27.675+0000" lastUpdated="2015-06-11T08:32:27.675+0000" id="dR2CNVSqQqu">
				<externalAccess>false</externalAccess>
			</user>
			<domainType>AGGREGATE</domainType>
			<type>int</type>
			<numberType>number</numberType>
			<aggregationOperator>sum</aggregationOperator>
			<categoryCombo name="UNAIDS (Replace): Gender CC" created="2015-07-28T12:58:35.164+0000" lastUpdated="2015-07-28T12:58:35.206+0000" id="qvB61otjRbM">
				<externalAccess>false</externalAccess>
				<publicAccess>rw------</publicAccess>
				<user name="admin admin" created="2015-06-11T08:32:27.675+0000" lastUpdated="2015-06-11T08:32:27.675+0000" id="dR2CNVSqQqu">
					<externalAccess>false</externalAccess>
				</user>
			</categoryCombo>
			<url/>
			<zeroIsSignificant>false</zeroIsSignificant>
		</dataElement>
		<dataElement name="UNAIDS: Estimated number of people (15-49) living with HIV" created="2015-06-25T03:32:19.567+0000" lastUpdated="2015-07-28T13:00:16.261+0000" shortName="UNAIDS: Est. (15-49) living with HIV" id="rhXstKVfvvj">
			<externalAccess>false</externalAccess>
			<publicAccess>rw------</publicAccess>
			<user name="admin admin" created="2015-06-11T08:32:27.675+0000" lastUpdated="2015-06-11T08:32:27.675+0000" id="dR2CNVSqQqu">
				<externalAccess>false</externalAccess>
			</user>
			<domainType>AGGREGATE</domainType>
			<type>int</type>
			<numberType>number</numberType>
			<aggregationOperator>sum</aggregationOperator>
			<categoryCombo name="UNAIDS (Replace): Gender CC" created="2015-07-28T12:58:35.164+0000" lastUpdated="2015-07-28T12:58:35.206+0000" id="qvB61otjRbM">
				<externalAccess>false</externalAccess>
				<publicAccess>rw------</publicAccess>
				<user name="admin admin" created="2015-06-11T08:32:27.675+0000" lastUpdated="2015-06-11T08:32:27.675+0000" id="dR2CNVSqQqu">
					<externalAccess>false</externalAccess>
				</user>
			</categoryCombo>
			<url/>
			<zeroIsSignificant>false</zeroIsSignificant>
		</dataElement>
		<dataElement name="UNAIDS: Estimated number of people (&lt;15) living with HIV" created="2015-06-25T03:32:58.609+0000" lastUpdated="2015-07-28T13:00:28.266+0000" shortName="UNAIDS: Est. (&lt;15) living with HIV" id="F4KpUnnx0S5">
			<externalAccess>false</externalAccess>
			<publicAccess>rw------</publicAccess>
			<user name="admin admin" created="2015-06-11T08:32:27.675+0000" lastUpdated="2015-06-11T08:32:27.675+0000" id="dR2CNVSqQqu">
				<externalAccess>false</externalAccess>
			</user>
			<domainType>AGGREGATE</domainType>
			<type>int</type>
			<numberType>number</numberType>
			<aggregationOperator>sum</aggregationOperator>
			<categoryCombo name="UNAIDS (Replace): Gender CC" created="2015-07-28T12:58:35.164+0000" lastUpdated="2015-07-28T12:58:35.206+0000" id="qvB61otjRbM">
				<externalAccess>false</externalAccess>
				<publicAccess>rw------</publicAccess>
				<user name="admin admin" created="2015-06-11T08:32:27.675+0000" lastUpdated="2015-06-11T08:32:27.675+0000" id="dR2CNVSqQqu">
					<externalAccess>false</externalAccess>
				</user>
			</categoryCombo>
			<url/>
			<zeroIsSignificant>false</zeroIsSignificant>
		</dataElement>
		<dataElement name="UNAIDS: Estimated number of people (&lt;15) eligible for ART according to national guidelines" created="2015-06-25T03:28:16.864+0000" lastUpdated="2015-07-28T13:00:41.365+0000" shortName="UNAIDS: Est. (&lt;15)  eligible for ART (guidelines) " id="khe0fQWys0p">
			<externalAccess>false</externalAccess>
			<publicAccess>rw------</publicAccess>
			<user name="admin admin" created="2015-06-11T08:32:27.675+0000" lastUpdated="2015-06-11T08:32:27.675+0000" id="dR2CNVSqQqu">
				<externalAccess>false</externalAccess>
			</user>
			<domainType>AGGREGATE</domainType>
			<type>int</type>
			<numberType>number</numberType>
			<aggregationOperator>sum</aggregationOperator>
			<categoryCombo name="UNAIDS (Replace): Gender CC" created="2015-07-28T12:58:35.164+0000" lastUpdated="2015-07-28T12:58:35.206+0000" id="qvB61otjRbM">
				<externalAccess>false</externalAccess>
				<publicAccess>rw------</publicAccess>
				<user name="admin admin" created="2015-06-11T08:32:27.675+0000" lastUpdated="2015-06-11T08:32:27.675+0000" id="dR2CNVSqQqu">
					<externalAccess>false</externalAccess>
				</user>
			</categoryCombo>
			<url/>
			<zeroIsSignificant>false</zeroIsSignificant>
		</dataElement>
		<dataElement name="UNAIDS (replace): Number of people (15+) receiving ART" created="2015-07-28T13:15:13.743+0000" lastUpdated="2015-07-28T13:15:13.760+0000" shortName="UNAIDS (replace): No. 15+  receiving ART" id="ZAGAMhSKqUx">
			<externalAccess>false</externalAccess>
			<publicAccess>rw------</publicAccess>
			<user name="admin admin" created="2015-06-11T08:32:27.675+0000" lastUpdated="2015-06-11T08:32:27.675+0000" id="dR2CNVSqQqu">
				<externalAccess>false</externalAccess>
			</user>
			<domainType>AGGREGATE</domainType>
			<type>int</type>
			<numberType>number</numberType>
			<aggregationOperator>sum</aggregationOperator>
			<categoryCombo name="UNAIDS (Replace): Gender CC" created="2015-07-28T12:58:35.164+0000" lastUpdated="2015-07-28T12:58:35.206+0000" id="qvB61otjRbM">
				<externalAccess>false</externalAccess>
				<publicAccess>rw------</publicAccess>
				<user name="admin admin" created="2015-06-11T08:32:27.675+0000" lastUpdated="2015-06-11T08:32:27.675+0000" id="dR2CNVSqQqu">
					<externalAccess>false</externalAccess>
				</user>
			</categoryCombo>
			<url/>
			<zeroIsSignificant>false</zeroIsSignificant>
		</dataElement>
		<dataElement name="UNAIDS (replace): Number of women receiving antiretrovirals to reduce the risk of MTCT " created="2015-07-28T12:55:48.195+0000" lastUpdated="2015-07-28T13:05:59.665+0000" shortName="No. women rec. ARV to reduce MTCT" id="mWTkLghZ2tN">
			<externalAccess>false</externalAccess>
			<publicAccess>rw------</publicAccess>
			<user name="admin admin" created="2015-06-11T08:32:27.675+0000" lastUpdated="2015-06-11T08:32:27.675+0000" id="dR2CNVSqQqu">
				<externalAccess>false</externalAccess>
			</user>
			<domainType>AGGREGATE</domainType>
			<type>int</type>
			<numberType>number</numberType>
			<aggregationOperator>sum</aggregationOperator>
			<categoryCombo name="default" created="2015-06-11T07:34:56.877+0000" lastUpdated="2015-06-11T07:34:56.896+0000" id="HwwdvOwCeb4">
				<externalAccess>false</externalAccess>
				<publicAccess>--------</publicAccess>
			</categoryCombo>
			<url/>
			<zeroIsSignificant>false</zeroIsSignificant>
		</dataElement>
		<dataElement name="UNAIDS (replace): Number of people (&lt;15) receiving ART" created="2015-07-28T13:05:45.645+0000" lastUpdated="2015-07-28T13:06:47.535+0000" shortName="UNAIDS (replace): No. &lt;15  receiving ART" id="cv0KxqAMpXE">
			<externalAccess>false</externalAccess>
			<publicAccess>rw------</publicAccess>
			<user name="admin admin" created="2015-06-11T08:32:27.675+0000" lastUpdated="2015-06-11T08:32:27.675+0000" id="dR2CNVSqQqu">
				<externalAccess>false</externalAccess>
			</user>
			<domainType>AGGREGATE</domainType>
			<type>int</type>
			<numberType>number</numberType>
			<aggregationOperator>sum</aggregationOperator>
			<categoryCombo name="UNAIDS (Replace): Gender CC" created="2015-07-28T12:58:35.164+0000" lastUpdated="2015-07-28T12:58:35.206+0000" id="qvB61otjRbM">
				<externalAccess>false</externalAccess>
				<publicAccess>rw------</publicAccess>
				<user name="admin admin" created="2015-06-11T08:32:27.675+0000" lastUpdated="2015-06-11T08:32:27.675+0000" id="dR2CNVSqQqu">
					<externalAccess>false</externalAccess>
				</user>
			</categoryCombo>
			<url/>
			<zeroIsSignificant>false</zeroIsSignificant>
		</dataElement>
	</dataElements>
</metaData>
